p_id,week,name,brand,product,company,type,category,time,expiry_days,ingr,food_color,flavor,location,allergen,nw,energy,energyfat,protein,carbs,sugar,sugars,fat,st,tf,mufa,pufa,maltilol,sodium,fibre,cf,df,cholesterol,salt,iron,potassium,calcium,iodine,vita,vitab1,vitab2,vitab3,vitab5,vitab6,vitab7,vitab12,vitac,vitd,vite,folic,folate,zinc,chromium,selenium,magnesium,phosphorus,Pantothenate,Moisture,Total Ash,Polyols,Acid Insoluble Ash
1,week1,KurKure Naughty Tomato,KurKure,Naughty Tomato,Pepsico Inc USA,Veg,Namkeen Snack,4,48,"Rice Meal,Edible Vegetable Oil-Palmolein Oil,Corn Meal,Gram Meal, Tomato Powder,Chilli Powder,Onion Powder,Spices Extract,Black Pepper Powder,Ginger Powder,Cinnamon Powder,Clove Powder,Nutmeg Powder,Beetroot Powder,Sugar,Salt,Citric Acid-330",Not Mentioned,Yes,Pune,Not Mentioned,47g,557 Kcal,,5.3g,56.2g,3.8g,,34.6g,16.1g,0.1g,,,,920mg,,,,,,,,,,,,,,,,,,,,,,,,,,,,,,,,
2,week1,KurKure Chilli Chatka,KurKure,Chilli Chatka,Pepsico Inc USA,Veg,Namkeen Snack,4,48,"Rice Meal,Edible Vegetable Oil-Palmolein Oil,Corn Meal,Gram Meal, Chilli Powder,Onion Powder,Fennel powder,Ajwain powder,Cumin Powder,Garlic Powder,Coriander Powder,Black Pepper Powder,Spice extract,Fengreek powder,Sugar,Salt,Citric Acid-330
",Not Mentioned,Yes,Pune,Not Mentioned,47g,559 Kcal,,5.8g,56.2g,2.0g,,34.5g,16.0g,0.1g,,,,680mg,,,,,,,,,,,,,,,,,,,,,,,,,,,,,,,,
3,week1,Rajaram Masala Peanuts,Rajaram,Masala Peanuts,Not Mentioned,Veg,Namkeen Snack,3,36,"Roasted Peanuts,Refined Edible Oil,Asafoetida,Chilli Powder,Black Pepper Powder,Turmeric Powder,Curry Leaves,Salt,Other Spices and Condiments",Not Mentioned,Not Mentioned,Chennai,"Peanut,Traces of Sesame Seeds & Other Nuts due to Shared Equipment",100g,590 Kcal,,25.0g,14.0g,2.0g,,44.0g,,,,,,,,3.1g,,Nil,,,,,,,,,,,,,,,,,,,,,,,,,,,,
4,week1,Haldiram Moong Dal,Haldiram,Moong Dal,Not Mentioned,Veg,Namkeen Snack,7,84,"Split Pulse Mong (Mong Dal),Refined Cotton Seed Oil,Iodised Salt",Not Mentioned,Not Mentioned,Nagpur,"Peanut,Tree Nuts,Sesame Seed,Milk,Soya,Mustard Seed,Gluten",18g,476 Kcal,,21.31g,50.66g,0g,,20.93g,5.64g,0g,3.81g,8.61g,,390mg,,,7.52g,0mg,,,,,,,,,,,,,,,,,,,,,,,,,,,,
5,week1,Madura Foods Peanut,Madura Foods,Peanut,Not Mentioned,Veg,Peanut Snack,2,24,"Bengal Gram Flour,Rice Flour,Vegetable Oil,Salt,Asafoetida,Pepper,Ginger,Curry Leaves,Chilly Powder",Not Mentioned,Not Mentioned,Chennai,Not Mentioned,150g,,,10.18g,52.51g,,,30.93g,,,,,,,,,,Absent,,,,,,,,,,,,,,,,,,,,,,,,,,,,
6,week1,Rajaram Groundnut Sweets,Rajaram,Groundnut Sweets,Not Mentioned,Veg,Peanut Snack,3,36,"Groundnut,Jaggery,Sugar,Glucose",Not Mentioned,Not Mentioned,Chennai,Not Mentioned,75g,492 Kcal,,15g,47.4g,,,,,,,,,,,0.4g,,0,,1.4g,,,,,,,,,,,,,,,,,,,,,,,,,,
7,week1,Haldiram Tasty Nuts,Haldiram,Tasty Nuts,Not Mentioned,Veg,Namkeen Snack,5,60,"Groundnut,Redefined Palmolein Oil,Bengal Gram Flour-Besan,Maiza Starch,Iodised Salt,Red Chilli,Acidity Regulator-INS 330,Turmeric,Black Salt,Black Pepper,Dried Ginger Powder,Cardamom,Cumin,Cinnamon,Clove,Bay Leaves,Nutmeg,Asafoetida",Not Mentioned,Not Mentioned,Nagpur,"Gluten,Treenuts,Seasame seed,Milk,Soya,Mustard seed",50g,624 Kcal,,21.24g,23.34g,0g,,49.53g,8.39g,0g,19.82g,13.08g,,493mg,,,,0mg,,,,,,,,,,,,,,,,,,,,,,,,,,,,
8,week1,Rajaram GroundNut Cubes ,Rajaram,GroundNut Cubes,Not Mentioned,Veg,Peanut Snack,3,36,"Groundnut,Jaggery,Cardamom,Sugar,Liquid Glucose",Not Mentioned,Not Mentioned,Chennai,"Peanut,Almond,Pistachio,Cashew,Soy,Milk,Sesame",,524 Kcal,,9.8g,58.8g,49.8g,,27.7g,9.8g,0g,,,,67.2mg,,0.4g,,0,,2.4g,298.6mg,166mg,,,,,,,,,,,,,,,,,,,,,,,,
9,week1,Meiji Yam Yam,Meiji,Yam Yam,Not Mentioned,Veg,Confectionery,12,144,"Wheat Flour,Edible Vegetable Oil,Interesterified Super Palm Oil,Soya Bean Oil,High oleic Sunflower Oil,Palmolein Oil,Palm Oil,Hydrogenated Vegetable Oil -Rapeseed Oil,Sugar,MilkSolids,Iodised Salt,Emulsifier-INS 472e ,Emulsifier-INS 322,Leavening Agent-INS 500(ii),Leavening Agent- INS 503(ii), Flour Treatment Agent-INS 1101(ii) ,Yeast",Not Mentioned,Vanilla-0.03% & Sugar,Ramanagara ,Not Mentioned,25g,491.4 Kcal,,8.0g,68.3g,17.7g,,20.8g,,,7.6g,4.6g,,484.3mg,,,,0.0mg,,,,,,,,,,,,,,,,,,,,,,,,,,,,
10,week1,Joule Foods Banyard Millet Cookies,Joule Foods,Banyard Millet Cookies,Not Mentioned,Veg,Cookies,3,36,"Barnyard Millet Flour,Sucrose,Whole Wheat Flour,Vegetable Oil,Salt",Not Mentioned,Not Mentioned,Coimbatore,Not Mentioned,150g,510.7 Kcal,,6.85g,61.03g,,,20.56g,,,,,,,0.210g,,,,,,,,,,,,,,,,,,,,,,,,,,,,,,,
11,week1,Cadbury Oreo Cholcolatey Sandwich Biscuits,Cadbury,Oreo Cholcolatey Sandwich Biscuits,Mondelez International,Veg,Confectionery,6,72,"Refined Wheat Flour,Sugar,Edible Vegetable Fat,Palmolein,Invert Syrup,Cocoa Solids,Leavening Agent-INS 500(ii),Leavening Agent-INS 503(ii),Edible Salt,Emulsifier-INS 322",Not Mentioned,Nature Identical Flavouring Substances,Ramanagar,Not Mentioned,50g,480 Kcal,,5.3g,70.7g,38.6g,,19.5g,9.7g,0.2g,,,,498mg,,,1.0g,,,,,,,,,,,,,,,,,,,,,,,,,,,,,
12,week1,Coffee Day Banana Crisps,Coffee Day,Banana Crisps,café coffee day,Veg,Chips,6,72,"Bananas,Edible Vegetable Oil-Palm oil,Chilli Powder,Common Salt,Coriander Powder,Cumin Powder,Asafoetida,Hydrolysed Vegetable Protein",Not Mentioned,Not Mentioned,Dakshina Kannada ,Not Mentioned,50g,494 Kcal,,6.80g,62.79g,,,23.85g,8.50g,>0.1g,8.36g,2.30g,,,,0.36g,,nil,,,,,,,,,,,,,,,,,,,,,,,,,,,,
13,week1,Unibic Cashew Cookies,Unibic,Cashew Cookies,Not Mentioned,Veg,Cookies,6,72,"Wheat Flour,Sugar,Edible Vegetable Oil-Palm oil,Cashew Bits,Butter,Milk Solids,Liquid Glucose,Leavening Agent-INS 503(ii),Leavening Agent-INS 500(ii),Emulsifier-INS 322 ,Salt",Not Mentioned,Vanillin,Bangalore,"Gluten,Milk,Soya,Nuts",75g,507 Kcal,,7.5g,63g,25g,,25g,12.5g,0g,9.8g,1.9g,,,,,,5.2mg,,,,,,,,,,,,,,,,,,,,,,,,,,,,
14,week1,Rajaram Sesame Balls,Rajaram,Sesame Balls,Not Mentioned,Veg,Pastries,3,36,"Sesame Seeds,Jaggery,Sugar,Liquid Glucose",Not Mentioned,Not Mentioned,Chennai,"Peanut,Almond,Pistachio,Cashew,Soy,Milk,Sesame",,502 Kcal,,10.4g,59.6g,51.2g,,24.7g,3.6g,0g,,,,44.4mg,,,,0,,5.4mg,303.2mg,561mg,,,,,,,,,,,,,,,,,,,,,,,,
15,week1,Haldiram Bhujia Sev,Haldiram,Bhujia Sev,Not Mentioned,Veg,Namkeen Snack,8,96,"Tapary Beans Flour,Refined Cotton Seed Oil,Bengal Gram Flour-Besan,Iodised Salt,Red Chilli Powder,Clove Powder,Black Pepper,Dried Ginger Powder,Cardamom,Bay Leaves,Nutmeg,Cinnamon",Not Mentioned,Not Mentioned,Nagpur,"Peanut,Tree Nuts,Sesame Seed,Milk,Soya,Mustard Seed,Gluten",40g,592 Kcal,,12.93g,37.14g,0g,,43.50g,11.50g,0g,7.70g,18.85g,,771mg,0.63g,,,0mg,,,,,,,,,,,,,,,,,,,,,,,,,,,,
16,week1,KurKure Karare Peanuts,KurKure,Karare Peanuts,Pepsico Inc USA,Veg,Namkeen Snack,4,48,"Peanuts,Edible Starch ,Edible Vegetable Oil-Palmolein Oil,Wheat Flour,Rice Flour,Maltodextrin ,Salt,Onion Powder,Chilli Powder,Amchur,Ginger Powder,Coriander Powder,Garlic Powder,Cumin Powder,Black Pepper Powder,Turmeric Powder,Fenugreek Powder,Milk Solids,Black Salt,Citric Acid-330,Sodium Bicarbonate-500(ii),Tomato Powder,Sugar",Not Mentioned,"Green Mango,Raisin",Faridabad,Not Mentioned,42g,511 Kcal,,12.0g,52.0g,4.5g,,28.0g,10.0g,0.1g,,,,1173mg,,,,,,,,,,,,,,,,,,,,,,,,,,,,,,,,
17,week1,Haldiram Soya Sticks ,Haldiram,Soya Sticks,Not Mentioned,Veg,Namkeen Snack,5,60,"Tapioca Starch,Refined Palmolein Oil,Soya Flour,Split Pulse Urd Flour-Urd Dal,Refined Sugar,Iodised SaltHydrogenated Vegetable Oil-Vanaspathi,Red Chilli Powder,Coriander Powder,Cumin Powder,Clove Powder,Dried Mango Powder,Black Pepper,Cardamom,Acidity Regulator-INS 330,Onion Powder,Garlic Powder,Black Salt,Asafoetida,Bay Leaves,Nutmeg,Cinnamon,Fennel seed,Turmeric,Mustard seed",Not Mentioned,Not Mentioned,Nagpur,"Peanut,Tree Nuts,Gluten,Milk,Sesame seed",25g,554 Kcal,,7..46g,45.0g,4.21g,,38.21g,18.56g,0g,11.28g,3.46g,,629mg,0.88g,,,0mg,,,,,,,,,,,,,,,,,,,,,,,,,,,,
18,week1,True Chocolate Custard Cream Biscuits, True,Chocolate Custard Cream Biscuits,Not Mentioned,Veg,Biscuits,6,72,"Wheat Flour,Sugar,Edible Vegetable Oil,Invert Syrup,Edible Starch,Salt,Milk Products,Leavening Agent-INS 500(ii),Leavening Agent-INS 503(ii),Emulsifier-INS 322,Emulsifier-INS 471,Anti Oxidant-INS 319,","Permitted Synthetic Colours-INS 102,INS 107",Added Artificial Flavours,T.C Balam ,Not Mentioned,150g,454.8 Kcal,,9.5g,70.0g,,,15.2g,,,,,,,,,,,,,,,,,,,,,,,,,,,,,,,,,,,,,,
19,week1,Relish Potato Straw Mint,Relish,Potato Straw Mint,Not Mentioned,Veg,Savouries,3,36,"Potato Slice,Mint,Gram Flour,Spices,Ginger,Asafoetida,Seasame Seeds,Salt,Refined Edible Oil",Not Mentioned,Not Mentioned,Chennai,Not Mentioned,75g,553.07 Kcal,,5.16g,47.51g,38.04g,,38.04g,17.637g,,,,,,1.94g,,,0g,,,,,,,,,,,,,,,,,,,,,,,,,,,,
20,week1,Modern Medium Crust Pizza Base,Modern,Medium Crust Pizza Base,Modern Food Enterprises Pvt Ltd,Veg,Batter and Dough Based,Not Mentioned,0,"Fine Wheat Flour,Edible Vegetable fat-Interesterified,Sugar,Iodised Salt,Yeast,Preservative-282,Acidity Regulator-INS 260,Flour Treatment Agent-INS 510,Anti Oxidant-INS 300",Not Mentioned,Not Mentioned,Chennai,Not Mentioned,150g,297 Kcal,,8.8g,58.4g,2.2g,,3.14g,1.9g,Not Detected,0.79g,0.45g,,,1.94g,,,Not Detected,,,,,,,,,,,,,,,,,,,,,,,,,,,,
21,week1,Sunfeast Nice,Sunfeast,Nice,ITC Limted,Veg,Biscuits,6,72,"Wheat Flour ,Sugar,Redefined Palm Oil,Edible Desiccated Cocunut,Invert Syrup,Milk Solids,Starch,Raising Agent-INS 503(ii),Raising Agent-INS 500(ii),Raising Agent-INS 450(i),Cocunut Milk Powder,Edible Common Salt,Emulsifier-INS 322(i),Emulsifier-INS 471,Flour Treatment Agent-INS 223","Permitted Synthetic Food Colours-INS 102,INS 124","Coconut, Milk,Vanilla",Thirubhuvani,Not Mentioned,75g,473 Kcal,,7.5g,72.8g,31.7g,,16.9g,9.9g,0.1g,,,,,,,,,,,,,,,,,,,,,,,,,,,,,,,,,,,,
22,week1,Britannia Milk Bikis,Britannia ,Milk Bikis,Britannia Industries Limited,Veg,Biscuits,5,60,"Refined Wheat Flour,Sugar,Edible Vegetable Oil-Palm Oil,Milk Solids,Invert Syrup,Raising Agent-INS 503(ii),Raising Agent-INS 500(ii),Edible Common Salt,Emulsifier-INS 322,Emulsifier-INS 471,Calcium Salt,Vitamins,Potasssium Iodate",Not Mentioned,"Milk,Butter,Vanilla",Bangalore Rural,Not Mentioned,44g,454 Kcal,,7g,75g,27g,,14g,6g,0g,6g,2g,,,,,,0mg,,,,90mg,25mcg,,0.18mg,,,,0.30mg,,0.15mcg,,,,,,,,,,,,,,,
23,week1,Britannia Toastea,Britannia ,Toastea,Britannia Industries Limited,Veg,Rusk,3,36,"Refined Wheat Flour,Sugar,Edible Vegetable Oil-Palm Oil,Sooji,Yeast,Invert Syrup,Milk Solids,Butter,Edible Common Salt,Wheat Fibre,Improver-1100,Improver-1104,Improver- 300,Cardamom Seeds & Its oil,Emulsifier-INS 471,Anti Oxidant-INS 300",Not Mentioned,Not Mentioned,Thiruvallur,Not Mentioned,63g,432 Kcal,,8g,82g,22g,,8g,3.5g,0g,3g,1.5g,,,,,,0mg,,,,,,,,,,,,,,,,,,,,,,,,,,,,
24,week1,Haldiram Khatta Meetha,Haldiram,Khatta Meetha,Not Mentioned,Veg,Namkeen Snack,4,48,"Tapary Beans -Moth Dal,Cotton Seed Oil,Bengal Gram Flour-Besan,Iodised Salt,Red Chilli Powder,Clove Powder,Black Pepper,Dried Ginger Powder",Not Mentioned,Not Mentioned,Nagpur,"Peanut,Tree Nuts,Sesame Seed,Milk,Soya,Mustard Seed,Gluten",30g,530 Kcal,,9.26g,57.38g,4.26g,,29.25g,12.48g,0g,9.63g,3.29g,,368mg,0.53g,,,0mg,,,,,,,,,,,,,,,,,,,,,,,,,,,,
25,week1,Cris-'P'Potato Wafers,Cris-'P',Potato Wafers,Not Mentioned,Veg,Chips,1,12,"Selected Potatoes,Palmolein Oil,Salt & Spicy",Not Mentioned,Not Mentioned,Chennai,Not Mentioned,100g,521.6 Kcal,,4.3g,57.4g,,,30.5g,,,,,,,,,,,,,,,,,,,,,,,,,,,,,,,,,,,,,,
26,week1,Nookad Nation Moong Dal,Nookad Nation,Moong Dal,Not Mentioned,Veg,Namkeen Snack,6,72,"Husked Green Gram,Edible Vegetable Oil-Palmolein Oil,Edible Common Salt",Not Mentioned,Not Mentioned,Navi Mumbai,"Peanuts,Tree Nuts,Gluten,Sesame Seeds",150g,495 Kcal,,20.4g,52.5g,0g,,22.6g,6.9g,0g,6.5g,9.2g,,466mg,,,1g,0mg,,,,,,,,,,,,,,,,,,,,,,,,,,,,
27,week1,Nookad Nation Tasty Nuts,Nookad Nation,Tasty Nuts,Not Mentioned,Veg,Namkeen Snack,6,72,"Peanuts,Husked Gram Flour,Edible Vegetable Oil-Palmolein Oil,Edible Common Salt,Bishop Powder,Turmeric Powder,Mango Powder,Black Pepper,Black Salt Powder,Clove Powder,Red Chilli Powder,Lemon Powder,Coriander Powder,Mace Powder,Black Pepper Powder",Not Mentioned,Not Mentioned,Navi Mumbai,"Peanuts,Tree Nuts,Gluten,Sesame Seeds",150g,597 Kcal,,23g,27g,0g,,44g,10g,0g,15g,19g,,996mg,,,3g,0mg,,,,,,,,,,,,,,,,,,,,,,,,,,,,
28,week2,Britannia Cake Fruity Fun,Britannia ,Cake Fruity Fun,Britannia Industries Limited,Non Veg,Pastries,3,36,"Refined Wheat Flour,Sugar,Eggs,Edible Vegetable Oil-Palm Oil,Edible Vegetable Oil- Sesame,Papaya Cuts,Pineapple Cuts,Orange Pulp,Humectant-INS 420,Humectant-INS 422,High Maltose Syrup,Edible Starch,Penta Cake-450(i),Penta Cake-500(ii),Penta Cake-412,Penta Cake-472e,Penta Cake-341(i),Penta Cake-330,Penta Cake-466,Penta Cake-435,Penta Cake-341(ii),Acidity Regulator-INS 341(i),Acidity Regulator-INS 330,Cake Gel-471,Cake Gel-477,Cake Gel-420,Edible Common Salt,Invert Syrup,Preservative-202,Preservative-282,Raising Agent-INS 500(ii),Raising Agent-INS 450(i),Baking Powder,Stabilizer-INS 415",Permitted Synthetic Food Colour-INS 102,"Mixed Fruit,Orange,Vanilla",Bangalore ,Not Mentioned,60g,405 Kcal,,5g,58g,26.5g,,17g,8g,0g,7.2g,1.7g,,,,,,65mg,,,,,,,,,,,,,,,,,,,,,,,,,,,,
29,week2,Kinder Joy,Kinder,Joy,Not Mentioned,Veg,Confectionery,7,84,"Sugar,Palmolein,Skimmed Cow Milk Powder,Palm Oil,Low Fat Cocoa Powder,Wheat Flour,Edible Vegetable Fat,Toasted Wheat Germ,Wheat Starch,Powdered Barley Malt Extract,Emulsifier-INS 322,Whey Powder,Sunflowerseed Oil -High Oleic Acid,Raising Agent-INS 503(ii),Raising Agent-INS 500(ii)",Not Mentioned,Not Mentioned,Pune,Not Mentioned,20g,545 Kcal,,8g,56.5g,51g,,32g,15.5g,0.3g,,,,,,,,,,,,,,,,,,,,,,,,,,,,,,,,,,,,
30,week2,Mex Nachos Delhi Papdi Chaat,Mex Nachos,Delhi Papdi Chaat,All that's Good,Veg,Chips,3,36,"Corn Masa Flour/Meal,Refined Palmolein Oil,Sugar,Salt ,Corn Starch,Spices&Herbs,Milk Solids,Natural Flavourings,Flavour Enhancer-INS 627,Flavour Enhancer-INS 631,Acidity Regulator-INS 327,Acidity Regulator-INS 330,Stabilizer-INS 414,Anti Caking Agent-INS 551",Not Mentioned,Mixed Spices,Gandhinagar,Milk Ingredients,60g,470 Calories,,7g,71g,3g,,17g,3g,0g,,,,720mg,,,3g,0mg,,,,,,,,,,,,,,,,,,,,,,,,,,,,
31,week2,ACT II Nachoz Jalapeno,ACT II,Nachoz Jalapeno,"ConAgra Foods RDM Inc., USA",Veg,Chips,6,72,"Corn,Refined Edible-Palmolein Oil,Iodised Salt,Maltodextrin,Chilli Powder,Coriander Powder,Cumin Powder,Nutmeg Powder,Clove Powder,Cardamom Powder,Sugar,Onion Powder,Tomato Powder,Garlic Powder,Milk Solids-Whey Powder,Acidity Regulator-INS 330,Flavour Enhancer-INS 627,Flavour Enhancer-INS 631,Stabilizer-Hydrolysed Vegetable Protein,Parsley Flakes,Annatto",Permitted Natural Colour-160b(i),Not Mentioned,Unnao ,Not Mentioned,60g,473 Kcal,,8g,68g,0g,,19g,7g,0g,9g,3g,,0.8g,,,6g,0mg,,,,,,,,,,,,,,,,,,,,,,,,,,,,
32,week2,Southern Days Sweet Bread,Southern Days,Sweet Bread,Nilgiris,Veg,Bread,Not Mentioned,Not Mentioned,"Maida,Water,Sugar,Yeast,Iodised Salt,Edible Vegetable Oil,Preservative-282,Gluten,Improver Fungal Amylase,Acidity Regulator-INS 260,Anti Oxidant-INS 300,Flour Treatment Agent -INS 510
0",Not Mentioned,Not Mentioned,Bengaluru,Not Mentioned,200g,303.5 Kcal,,7.38g,47.91g,13.9g,,9.15g,3.47g,0g,3.17g,2.51g,,,,,2.4g,0g,,,,,,,,,,,,,,,,,,,,,,,,,,,,
33,week2,Britannia Little Hearts Classic,Britannia ,Little Hearts Classic,Britannia Industries Limited,Veg,Biscuits,6,72,"Refined Wheat Flour,Sugar,Edible Vegetable Oil-Palm Oil,Raising Agent-INS 500(ii),Raising Agent-INS 503(ii),Milk Solids,Edible Common Salt,Yeast,Emulsifier-INS 322,Improver-1100,Improver 1101(i)",Not Mentioned,Not Mentioned,Kancheepuram ,Not Mentioned,37g,488 Kcal,,7g,70g,24.5g,,20g,9g,0g,8.2g,2.7g,,,,,,0mg,,,,,,,,,,,,,,,,,,,,,,,,,,,,
34,week2,Tasty Treat Vanilla Flavoured Cream Wafer Biscuit ,Tasty Treat,Vanilla Flavoured Cream Wafer Biscuit ,Future consumer Limited India,Veg,Wafers,9,108,"Wheat Flour,Corn Starch,Edible Vegetable Oil-Palm,Raising Agent-INS 500(ii),Raising Agent-INS 503(ii),Salt,Emulsifier-INS 322,Sugar,Milk Solids,Maltodextrin,Dextrose,Salt,Emulsifier-INS 471,Emulsifier-INS 322
",Not Mentioned,Vanilla,Tumkur,Not Mentioned,25g,529 Kcal,,5g,66g,34g,,27g,,,,,,,,,,,,,,,,,,,,,,,,,,,,,,,,,,,,,,
35,week2,Sai Ram Snacks Ribbon Pakoda,Sai Ram Snacks,Ribbon Pakoda,Not Mentioned,Veg,Savouries,1,12,"Raw Rice,Bengal Gram,Fried Gram,Vanaspathi,Chillipowder,Asafoetida,Refined Groundnut Oil,Salt",Not Mentioned,Not Mentioned,Chennai,Not Mentioned,200g,577 Kcal,,7.28g,49.72g,,,38.74g,,,,,,,0.05g,,,,,,,,,,,,,,,,,,,,,,,,,,,,,,,
36,week2,Tasty Treat Wasabi Bhujia,Tasty Treat,Wasabi Bhujia,Future consumer Limited India,Veg,Namkeen Snack,6,72,"Potato,Edible Vegetable Oil-Palm ,Edible Vegetable Oil-Cotton Seed,Channa Flour,Moth Flour,Sabudana,Red Chilli Powder,Sugar,Salt,
Soya Sauce,Onion Powder,Thickener-INS 1442,Maltodextrin,Mustard Powder,Garlic Powder,Yeast Extract,Spice Extract,Edible Vegetable Oil-Sunflower,Flavour Enhancer-INS 627,Flavour Enhancer-INS 631,Acidity Regulator-INS 330,Anti Caking Agent-INS 551",Natural Colour-INS 100(ii),Not Mentioned,Bijnor,Not Mentioned,30g,557 Kcal,,7g,40g,5g,,41g,,,,,,,,,,,,,,,,,,,,,,,,,,,,,,,,,,,,,,
37,week2,Pickwick Pineapple Flavoured Cream Wafer Biscuit ,Pickwick,Pineapple Flavoured Cream Wafer Biscuit ,Not Mentioned,Veg,Wafers,12,144,"Sugar,Wheat Flour,Edible Hydrogenated Vegetable Fat,Emulsifier-INS 322,Natural Pineapple Fruit Powder,Edible Common Salt,Leavening agent-INS 500(ii)",Permitted Synthetic Food Colour-INS 102,Pineapple,Mumbai,Not Mentioned,100g,507 Kcal,,4.39g,71.99g,36.63g,,22.43g,12.43g,<0.01g,,,,,,,,,,,,,,,,,,,,,,,,,,,,,,,,,,,,
38,week2,Lays India's Magic Masala,Lays,India's Magic Masala,Pepsico Inc USA,Veg,Chips,4,48,"Potato,Edible Vegetable Oil-Palmolein Oil,Edible Vegetable Oil-Rice Bran Oil,Onion Powder,Chilli Powder,Dried Mango Powder,Coriander Seed Powder,Ginger Powder,Garlic Powder,Black Pepper Powder,Spices Extract,Turmeric Powder,Salt,Black Salt,Sugar,Tomato Powder,Citric Acid-INS 330",Not Mentioned,Not Mentioned,Pune,Not Mentioned,30g,547 Kcal,,8.9 g,47.6g,4.1g,,35.7g,14.1g,0.1g,,,,942mg,,,,,,,,,,,,,,,,,,,,,,,,,,,,,,,,
39,week2,Ask foods Rainbow Sugar balls,Ask foods,Rainbow Sugar balls,Not Mentioned,Veg,Confectionery,12,144,"Sugar,Hydrogenated Vegeatable Fat",Not Mentioned,Not Mentioned,Bangalore,Not Mentioned,100g,488 Kcal,,6g,52g,,,28g,,,,,,,,,,0 g,,,,,,,,,,,,,,,,,,,,,,,,,,,,
40,week2,Nilgris Pineapple-Flavoured tasty crispy drops,Nilgris,Pineapple- Flavoured tasty crispy drops,Not Mentioned,Non Veg,Biscuits,3,36,"Maida,Sugar ,Water,Eggs,Margarine,Corn Flour,Leavening Agent-INS 503(ii),Iodised Salt",Permitted Synthetic Food Colour-INS 102,Not Mentioned,Bengaluru ,Not Mentioned,200g,429.2 Kcal,,5.91g,93.32g,47.41g,,5.84g,3.01g,0.35g,2.19g,0.29g,,,,,2.95g,0.02g,,,,,,,,,,,,,,,,,,,,,,,,,,,,
41,week2,Cornitos Nacho Crisps Barbeque,Cornitos Nacho Crisps,Barbeque,Not Mentioned,Veg,Chips,6,72,"Corn,Edible Vegetable Oil-Corn Oil,Sugar,Iodized Salt,Chilli Spices,Yeast Extract,Smoke Flavourings,Soya Sauce Powder,Citric Acid-INS 330
",Not Mentioned,Not Mentioned,Haridwar,"Soya,Milk Products",60g,482.14 cal,,7.14g,67.85g,3.57g,,21.42g,3.57g,,7.14g,10.71g,,828.24mg,7.14g,,,,,,,,,,,,,,,,,,,,,,,,,,,,,,,
42,week2,Sundrop Pnutz Salted,Sundrop,Pnutz Salted,Agro Tech Food Limited,Veg,Savouries,6,72,"Roasted Peanuts,Refined Edible Palmolein Oil,Iodised Salt",Not Mentioned,Not Mentioned,Bharuch,Not Mentioned,200g,646 Kcal,,26g,16g,0g,,53g,10g,0g,31g,11g,,248mg,,,9g,0mg,,,,,,,,,,,,,,,,,,,,,,,,,,,,
43,week2,Dev Snacks Achappam,Dev Snacks,Achappam,Not Mentioned,Non Veg,Pastries,1.5,18,"Rice,Egg,Sugar,Gingely,Refined Palm Oil",Not Mentioned,Not Mentioned,Kollam,Not Mentioned,,457.6 Kcal,,1.82g,81.8g,,,25.8g,,,,,,66.3mg,,,1.3g,,,,,,,,,,,,,,,,,,,,,,,,,,,,,
44,week2,A-1 Chips Tapioca Chips Chilly,A-1 Chips ,Tapioca Chips Chilly,Not Mentioned,Veg,Chips,2,24,"Tapioca,Chilly powder,Salt,Vegetable oil",Not Mentioned,Not Mentioned,Coimbatore,Not Mentioned,80g,`,,,,,,,,,,,,,,,,,,,,,,,,,,,,,,,,,,,,,,,,,,,,
45,week2,Kovilpatti Rubis Peanut Candy,Kovilpatti,Rubis Peanut Candy,"Roobhi Food, Kovilpatti",Veg,Peanut Snack,6,72,"Roasted Peanuts,Cardamom,Dried Ginger,Jaggery,Added Glucose,Water",Not Mentioned,Not Mentioned,Thoothukudi ,Not Mentioned,200g,538 cal,434 cal,15.06g,49.40g,33.3mg,,31.13g,3.3g,,,,,33.3mg,,,3.3g,,,,,,,,,,,,,,,,,,,,,,,,,,,,,
46,week2,Tex & Mex Salsalito Nacho Chips,Tex & Mex Salsalito,Nacho Chips,Not Mentioned,Veg,Chips,7,84,"Whole Corn,Palmolein Oil,Cheese Seasoning,Iodized Salt,Whey Powder,Cream Powder,Cheese Powder,Dehydrated Vegetable-Onion Powder,Sugar,Hydrolyzed Vegetable Protein,Regulator-INS 330,Regulator-INS 270,Maltodextrin",Natural Food Colour-160b,Not Mentioned,Vellore,Not Mentioned, 45g,479.10 Kcal,,8.13g,66.59g,1.70g,,20.03g,14.15g,0.06,,,,620mg,,,16.21g,,,,,,,,,,,,,,,,,,,,,,,,,,,,,
47,week2,Madhuram Fried Biscuits,Madhuram,Fried Biscuits,Not Mentioned,Veg,Biscuits,3,36,"Rice Flour,Maida,Salt,Chilli Powder,Edible Vegetable Oil",Not Mentioned,Not Mentioned,Thiruvananthapuram,Not Mentioned,150g,495.58  Kcal,,5.7g,67.75g,,,22.42g,,,,,,325mg,,,2.4g,,,,,,,,,,,,,,,,,,,,,,,,,,,,,
48,week2,Veera Sesame Candy,Veera,Sesame Candy,Not Mentioned,Veg,Peanut Snack,2,24,"Sesame,Peanuts,Jaggery,Liquid Glucose",Not Mentioned,Not Mentioned,Kovilpatti,Not Mentioned,200g,473.26 Kcal,,19.0g,46.98g,34.6g,,23.25g,,,,,,,,,,,,,,,,,,,,,,,,,,,,,,,,,,,,,,
49,week2,TimeOut StrawBerry Popcorn,TimeOut,StrawBerry Popcorn,Not Mentioned,Veg,Popcorn Snack,2,24,"PopCorn,Edible Vegetable Oil,Sugar,Emulsifier-INS 1450,Emulsifier-INS 1400,Humectant-INS 1520,Preservative-211,Anti Oxidant-INS 224",Permitted Synthetic Food Colours,Not Mentioned,Chennai,Not Mentioned,40g,443.4 Kcal,,3.83,83.54,,,10.43,,,,,,,,,,,,,,,,,,,,,,,,,,,,,,,,,,,,,,
50,week2,TCS Ompodi,TCS,Ompodi,Not Mentioned,Veg,Namkeen Snack,1,12,"Gram Flour,Peas Flour,Rice Flour,Carom Seeds,Refined & Iodised Salt",Not Mentioned,Not Mentioned,Chennai,Not Mentioned,150g,562 cal, 206 cal,9 g,80g,0.4g,,22.9g,2.8g,0.2g,,,,1423mg,,,8.7g,12.5mg,,13%,,22%,,4%,,,,,,,,0%,,,,,,,,,,,,,,
51,week2,Nellai Kuttam Snacks Chips & Snacks,Nellai Kuttam Snacks,Chips & Snacks,Not Mentioned,Veg,Chips,1,12,"Dhal Flour,Rice Flour,Maida,Garlic,Double Refined Vegetable Oil,Salt Chilly,Spices",Not Mentioned,Not Mentioned,Chennai,Not Mentioned,125g,972 cal,558 cal,15g,105g,,,64g,16g,,,,,148mg,,,9g,,,21%,,10%,,9%,,,,,,,,112%,,,,,,,,,,,,,,
52,week2,Nellai Kuttam Snacks Tapico,Nellai Kuttam Snacks,Tapico,Not Mentioned,Veg,Savouries,2,24,"Tapioca veg oil,Salt & Spices Masala",Not Mentioned,Not Mentioned,Chennai,Not Mentioned,125g,242 cal,130 cal,4.5g,24g,,,14.4g,6g,14.4g,,,,260mg,,,,,,27%,,,,,,,,,,,,,,,,,,,,,,,,,,
53,week2,Madhuram Kuzhal Murukku Chilli,Madhuram,Kuzhal Murukku Chilli,Not Mentioned,Veg,Savouries,3,36,"Rice Flour,Fried Gram Flour,Salt,Vanaspathi,Gingellly,Cumin,Chilli Powder,Edible Vegetable Oil",Not Mentioned,Not Mentioned,Thiruvananthapuram,Not Mentioned,150g,535 Kcal,,8.1g,59.8g,,,29.3g,,,,,,,,,,,,,,,,,,,,,,,,,,,,,,,,,,,,,,
54,week2,TCS Oil Peanut,TCS,Oil Peanut,Not Mentioned,Veg,Peanut Snack,1,12,"Peanut,Refined Oil,Chilli Powder,Iodised Salt",Not Mentioned,Not Mentioned,Chennai,Not Mentioned,150g,2206.4 Kcal,2060 cal,21 g,15.6 g,4 g,,228.9 g,8.2 g,1 g,,,,203 mg,,,7.5 g,0 mg,,22.60%,,8.40%,,,,,,,,,,,,,,,,,,,,,,,,
55,week3,Nestle KitKat,Nestle,KitKat,Societe des produits nestle sa,Veg,Confectionery,9,108,"Sugar,Hydrogenated vegetable fat-Sesame oil,Milk solids,Wheat flour-Maida,Cocoa solids,Emulsifier-INS 322,Leavening Agent-INS 500(ii),Yeast,Salt,Flour Treatment Agent -INS 516,Improver Enzymes",Not Mentioned,Not Mentioned,New Delhi,Peanuts,28.3g,500 Kcal,,8.0g,59.2g,48.7g,39.1g,25.7g,23.0g,0.04g,,,,129.8mg,,,,,,,,,,,,,,,,,,,,,,,,,,,,,,,,
56,week3,Monginis Swiss Roll Choco Cake,Monginis,Swiss Roll Choco Cake,Not Mentioned,Non Veg,Pastries,4,48,"Eggs,Refined Wheat Flour,Sugar,Water,Edible Vegetable Oil,Soya Protein,Cocoa Solids,Starch,Milk Solids,Humectant-INS 325,Humectant-INS 422,Humectant-INS 1520,Iodised Salt,Raising Agent-INS 500(ii),Raising Agent-INS 341(i),Emulsifier-INS 471,Emulsifier-INS 491,Stabilizer-INS 412,Thickener-INS 466,Acidity Regulator-INS 260,Cream,Hydrogenated Vegetable Fat,Sugar,Cocoa Solids,Humectant-INS 422,Iodised Salt","Permitted Class II Peservatives-INS 200,INS 150(d)",Chocolate,Thane,"Peanuts,Eggs,Wheat,Soy Protein,Manufactured under facility that also handles Milk Products & Nuts",100g,446.00 Kcal,,08.55g,57.61g,31.19g,,20.15g,11.92g,0.20g,,,,,,,,111.10mg,,,,,,,,,,,,,,,,,,,,,,,,,,,,
57,week3,Monginis Choco Muffins Cake,Monginis,Choco Muffins Cake,Not Mentioned,Veg,Pastries,4,48,"Refined Wheat Flour,Sugar,Water,Edible Vegetable Oil,Milk Solids,Cocoa Solids,Humectant-INS 325,Humectant-INS 422,Humectant-INS 1520,Emulsifier-INS 435,Emulsifier-INS 471,Emulsifier-INS 491,Stabilizer-INS 412,Modified Starch-INS 1442,Iodised Salt,Raising Agent-INS 500(ii),Raising Agent-INS 341(i)","Contains Permitted Class II Preservative-INS 200,Contains Permitted Natural Colour-INS 150(d)",Chocolate,Thane,"Milk solid,Wheat,Manufactured under the facility that also handles Milk Products and Nuts",75g,416.99 Kcal,,08.00g,55.77g,30.00g,,17.99g,08.12g,00.18g,,,,,,,,05.40mg,,,,,,,,,,,,,,,,,,,,,,,,,,,,
58,week3,Parle Rusk,Parle,Rusk,"Parle Products Pvt Ltd., Mumbai",Veg,Rusk,4,48,"
Wheat Flour,Sugar,Edible Vegetable Oil-Palm Oil,Suji,Yeast,Milk Solids,Edible Common Salt,Wheat Gluten,Emulsifier-INS 322,Emulsifier-INS 81(i),Emulsifier-INS 472,Emulsifier-INS 471,Wheat Fibre,Spices-Cardamom Seeds & Its Extract,Anti Oxidant-INS 300",Not Mentioned,Not Mentioned,Ranga Reddy,Peanuts,200g,433 Kcal,,7.6g,80.7g,24.4g,,8.9g,4.6g,0.1g,,,,,,,,,,,,,,,,,,,,,,,,,,,,,,,,,,,,
59,week3,Modern Fruity,Modern,Fruity,MFEL,Veg,Rusk,4,48,"Fine Wheat Flour,Glazed Papaya Fruit,Sugar,Acidity Regulator-INS 330,Preservative-211,Sugar,Edible Vegetable Fat-Interesterified,Gluten,Yeast,Iodised Salt,Emulsifier-INS 481(i),Spices & Condiments,Acidity Regulator-INS 260",Not Mentioned,Not Mentioned,Pune,Not Mentioned,200g,397 Kcal,,10.2g,80g,18.5g,,4.08g,1.99g,Not Detected,1.38g,0.71g,,,,,,Not Detected,,,,,,,,,,,,,,,,,,,,,,,,,,,,
60,week3,Twist Marshmallow,Twist,Marshmallow,Not Mentioned,Non Veg,Confectionery,18,216," Sugar,Glucose Syrup,Water,Dextrose,Fish gelatin,Corn Starch ","Artificial colours-E127, E-110, E-102, E-133","Strawberry,Orange,Apple,Grape",Linyi City,Not Mentioned,20g,,,,,,,,,,,,,,,,,,,,,,,,,,,,,,,,,,,,,,,,,,,,,
61,week3,Horlicks Biscuits,Horlicks,Biscuits,GSK group of companies,Veg,Biscuits,6,72,"Refined Wheat Flour,Sugar,Edible Vegetable Oil-Palm Oil,Liquid Glucose,Mineral,Milk Solids,Salt,Leavening Agent-INS 503(ii),Baking Powder-INS 500(ii),Baking Powder-INS 341(i),Emulsifier-INS 322,Dough Conditioner-INS 223,Vitamin",Natural Identical Flavouring Substances,Not Mentioned,Ramnagara,Not Mentioned,150g,447 Kcal,,6.0g,77g,,24.3g,6.4g,6.4g,0g,4.8g,1.7g,,,,,,0mg,,,,800mg,,,,,,,,,,,5mcg,,,,,,,,,,,,,
62,week3,Alpenliebe Juzt Jelly Cola Bottles,Alpenliebe,Juzt Jelly Cola Bottles,Not Mentioned,Veg,Confectionery,12,144,"Sugar,Fruit Puree,Invert Sugar,Liquid Glucose,Thickener-INS 440,Acidity Regulator-INS 296,Acidity Regulator-INS 330,Acidity Regulator-INS 331(iii)",Permitted Natural Colour-INS 150d,Cola Flavour,Gurgram,Not Mentioned,72.8g,314 Kcal,,0g,78.6g,54.7g,,0g,,,,,,,,,,,,,,,,,,,,,,,,,,,,,,,,,,,,,,
63,week3,Hide & Seek Biscuits,Hide & Seek,Biscuits,"Parle Products Pvt Ltd., Mumbai",Veg,Biscuits,6,72,"Wheat Flour Chocolate,Sugar,Cocoa Solids,Cocoa Butter,Dextrose,Emulsifier-INS 322,Sugar,Edible Vegetable Oil-Palm Oil,Invert Sugar Syrup,Raising Agent-INS 503(ii),Raising Agent-INS 500(ii),Cocoa Solids,Edible Common Salt,Emulsifier-INS 471",Not Mentioned,Vanilla,Kattedan,Not Mentioned,120g,479 Kcal,,5.9g,73.3g,32.2g,,18.0g,9.3g,0.1g,,,,,,,,,,,,,,,,,,,,,,,,,,,,,,,,,,,,
64,week3,Hide & Seek Choco Rolls, Hide & Seek ,Choco Rolls,"Parle Products Pvt Ltd., Mumbai",Veg,Biscuits,9,108,"Sugar,Edible Vegetable Oil,Cocoa Solids,Emulsifier-INS 322,Wheat Flour,Edible Vegetable Oil-Palm Oil,Sugar,Invert Sugar Syrup,Cocoa Solids,Edible Common Salt,Raising Agent-INS 500(ii),Raising Agent-INS 503(ii),Acidity Regulator-INS 341(i),Emulsifier-INS 72",Not Mentioned,"Vanilla,Chocolate",Raigad,Not Mentioned,75g,512 Kcal,,4.5g,67.0g,38.3g,,25.1g,11.7g,0.12g,,,,,,,,,,,,,,,,,,,,,,,,,,,,,,,,,,,,
65,week3,Milano Chocolate Chip Cookies,Milano,Chocolate Chip Cookies,"Parle Products Pvt Ltd., Mumbai",Veg,Biscuits,6,72,"Wheat Flour,Chocolate,Sugar,Cocoa Solids,Cocoa Butter,Dextrose,Emulsifier-INS 322,Edible Vegetable Oil-Palm Oil,Sugar,Invert Sugar Syrup,Liquid Glucose,Butter,Raising Agent-INS 503(ii),Raising Agent-INS 500(i),Milk Solids,Cocoa Solids,Edible Common Salt,Emulsifier-INS 472",Not Mentioned,"Vanilla,Chocolate",Raigad,Not Mentioned,75g,517 Kcal,,5.0g,66.3g,30.3g,,25.7g,13.4g,0.0g,,,,,,,,,,,,,,,,,,,,,,,,,,,,,,,,,,,,
66,week3,Hide&Seek Black Bourbon,Hide&Seek ,Black Bourbon,"Parle Products Pvt Ltd., Mumbai",Veg,Biscuits,6,72,"Sugar,Wheat Flour,Edible Vegetable Oil-Palm Oil,Cocoa Solids,Sprinkled Sugar,Invert Sugar Syrup,Edible Common Salt,Raising Agent-INS 503(ii),Raising Agent-INS 500(i),Emulsifier-INS 322",Permitted Natural colour-150d,"Vanilla,Chocolate",Gujarat,Not Mentioned,100g,470 Kcal,,5.2g,75.8g,42.8g,,16.2g,8.3g,0.1g,,,,,,,,,,,,,,,,,,,,,,,,,,,,,,,,,,,,
67,week3,Krackjack Sweet & Salty Crackers,Krackjack,Sweet & Salty Crackers,"Parle Products Pvt Ltd., Mumbai",Veg,Biscuits,6,72,"Wheat Flour,Edible Vegetables Oil-Palmolein Oil,Edible Vegetables Oil-Palm Oil,Sugar,Raising Agent-INS 503(ii),Raising Agent-INS 500(i),Raising Agent-INS 341(i),Invert Sugar Syrup,Iodised Salt,Yeast,Acidity Regulator-INS 270,Acidity Regulator-INS 296,Emulsifier-INS 472,Dough Conditioner-223,Improver-Amylase & Other Enzymes(Papain-1101(ii))",Not Mentioned,"Vanilla,Butter",Ranga Reddy,Not Mentioned,37.8g,496 Kcal,,6.6g,69.2g,18.5g,,21.4g,10.1g,0.1g,,,,,,,,,,,,,,,,,,,,,,,,,,,,,,,,,,,,
68,week3,Britannia Cake Fruity Fun,Britannia ,Cake Fruity Fun,Britannia Industries Limited,Veg,Biscuits,6,72,"Refined Wheat Flour,Sugar,Edible Vegetables Oil-Palm Oil,Interesterified Vegetable Fat-Palm,Interesterified Vegetable Fat-Sesame,Invert Syrup,Dextrose,Milk Solids,Edible Starch,Maltodextrin,Fruit products,Edible Common Salt,Emulsifier-INS 322,Emulsifier-INS 471,Raising Agent-INS 503(ii),Raising Agent-INS 500(ii),Gelling Agent-440,Acidity Regulator-INS 330,Stabilizer-INS 331(i)",Permitted Synthetic Food Colour-INS 122,"Mixed Fruit,Butter,Vanilla",Gwalior,Not Mentioned,100g,483 Kcal,,5g,73g,33.5g,,19g,9.5g,0g,7.2g,2.2g,,,,,,0 mg,,,,,,,,,,,,,,,,,,,,,,,,,,,,
69,week3,Nestle MilkyBar Moosha,Nestle,MilkyBar Moosha,Societe des produits nestle sa,Veg,Confectionery,9,108,"Sugar,Liquid Glucose,Hydrogenated Vegetable fat-Sesame Oil,Malt Extract,Milk Solids,Stabilizer-INS 501(i),Acidity Regulator-INS 330,Emulsifier-INS 471 ,Emulsifier-INS 322,Salt,Sugar,Hydrogenated Vegetable Fat-Sesame oil",Not Mentioned,Vanilla ,New Delhi,Not Mentioned,40g,386 Kcal,,3.8g,56.8g,42.2g,31.2 g,16.0g,12.7g,0.10g,,,,130.0mg,,,,,,,,,,,,,,,,,,,,,,,,,,,,,,,,
70,week3,McVitie's Oat Cookies,McVitie's,Oat Cookies,United Biscuit Pvt Ltd,Veg,Cookies,9,108,"Wheat Flour,Sugar,Edible Vegetable Oil-Palm oil,Whole Wheat Flour,Oats,Invert Sugar Syrup,Wheat Fibre,Leavening Agent-INS 503(ii),Leavening Agent-INS 500(ii),Milk Solids,Butter,Honey,Edible Common Salt,Emulsifier-INS 471,Emulsifier-INS 322,Acidity Regulator-INS 296",Not Mentioned,Oats,Sirmour,"Wheat,Milk,Soya,Traces of Nuts",100g,490 Kcal,,6.5g,70g,25.5g,,20.5g,11.4g,0g,7.4g,2.0g,,,,,6.0g,1.3mg,,,,,,,,,,,,,,,,,,,,,,,,,,,,
71,week3,Snickers Choco Bar,Snickers,Choco Bar,Not Mentioned,Veg,Confectionery,12,144,"Sugar,Milk Solids,Cocoa Butter,Cocoa Solids,Dextrose,Emulsifier-INS 322,Glucose Syrup,Peanuts,Palm Fat,Salt",Not Mentioned,Ethyl Vanillin,Pune,Not Mentioned,28.75g,497 Kcal,,8.7g,59.0g,50.6g,,25.2g,10.8g,0.1g,,,,0.22g,2.7g,,,,,,,,,,,,,,,,,,,,,,,,,,,,,,,
72,week3,Kellog's Chocos,Kellog's,Chocos,Not Mentioned,Veg,Breakfast Cereal,9,108,"Whole Wheat Flour,Wheat flour,Sugar,Cocoa Solids,Minerals,Edible Vegetable Oil-Palmolein Oil,Malt Extract,Iodized Salt,Vitamins,Anti Oxidant-INS 320",Not Mentioned,Cream,Raigat,"Gluten,Traces of Almond(Treenut)",28.6g,387 Kcal,26 Kcal,9.0g,83.6g,,30.0g,2.9g,1.2g,0g,0.8g,0.4g,,330mg,,,5.0g,0 mg,,14.0mg,,533.0mg,,100.0 ug,1.0mg,1.1mg,12.0mg,,1.7mg,,0.3ug,20.0mg,,,,85.0ug,2.5mg,,,,,,,,,
73,week3,Britannia Marie Gold,Britannia ,Marie Gold,Britannia Industries Limited,Veg,Biscuits,6,72,"Refined Wheat Flour,Sugar,Edible Vegetable Oil-Palm Oil,Invert Syrup,Raising Agent-INS 500(ii),Raising Agent-INS 503(ii),Milk Solids,Edible Common Salt,Emulsifier-INS 472e,Dough Conditioner-223,Calcium Salt,Vitamins,Ferrous Salt,Potassium Iodate",Not Mentioned,"Butter,Milk,Vanilla",Kancheepuram,Not Mentioned,68g+21g extra=89g,448 Kcal,,8g,77g,21.5g,,12g,5.5g,0g,4.7g,1.7g,,,,,,0mg,,3mg,,90mg,15mcg,,0.12mg,0.14mg,1.6mg,,0.2mg,,0.1mcg,,,,10mcg,,,,,,,1.1mg,,,,
74,week3,Dukes Waffy Chocolate,Dukes,Waffy Chocolate,Not Mentioned,Veg,Wafers,9,108,"Sugar,Wheat Flour,Refined Palm Oil,Malto Dextrin,Starch ,Milk Solids,Emulsifier-INS 322,Edible Common Salt,Leavening Agent-INS 500(ii),Dough Conditioner-223,Improver-1101(i)",Permitted Food Colour-105d,"Chocolate,Vanilla",Hyderabad,Not Mentioned,40g,479.2 Kcal,,4.0g,74.4g,41.8g,,18.4g,,,,,,,,,,,,,,,,,,,,,,,,,,,,,,,,,,,,,,
75,week3,Richoco Nabati Chocolate Wafer,Richoco,Nabati Chocolate Wafer,Not Mentioned,Veg,Wafers,9,108,"Wheat Flour,Sugar,Vegetable Oil-Anti-Oxidant TBHQ),Whey Powder,Cocoa Powder,Emulsifier-INS 322,Salt,Leavening Agent-INS 500(ii),Vitamin A- Anti-Oxidant Tocopherol,Vitamin-B1,Vitamin-B2,Vitamin-B6,Vitamin-B12",Not Mentioned,Not Mentioned,Sumedag,"Wheat Flour,Whey",75g,40 Kcal,15Kcal,1g,6g,2g,,1.5g,0.5g,0g,,,,20mg,,,,,,,,,,15%,15%,15%,,,15%,,20%,,,,,,,,,,,,,,,
76,week3,Dowee Donut,Dowee,Donut,Not Mentioned,Non Veg,Confectionery,Not Mentioned,0,"Wheat Flour, Vegetable Oil, Eggs, Sugar, Glucose,Syrup,Water,Sorbitol,Skimmed Milk Powder,Soya Flour,Emulsifier-INS 471,Emulsifier-INS 450(i),Leavening Agent-INS 500(ii),Iodized Salt,Preservative-202,Stabilizer-INS 415,Sugar,Hydrogenated Vegetable Fat,Dextrose Powder,Whey Powder,Skimmed Milk Powder,Emulsifier-INS 322,Emulsifier-INS 476,Potassium Sorbate-E202,Glucose,Syrup,Water,Sugar,Skimmed Milk Powder,Sorbitol,Vegetable Oil,Modified Starch,Thickener-INS 440,Emulsifier-INS 322,Preservative-202,Artificial Milk Flavour,Vanillin,Acidity Regulator-INS 330,Sunset Yellow-E110,Sugar,Hydrogenated Vegetable Fat,Cocoa Powder,Whey Powder,Emulsifier-INS 476,Emulsifier-INS 476",Not Mentioned,Not Mentioned,Not Mentioned,"Wheat,Eggs,Milk,Soy,Made from equipped facility that also processes products containing Peanuts",44g,210 Kcal,110 Kcal,2g,24g,13g,,,8g,0g,,,,105mg,,,0g,15mg,,0.70mg,,36.72mg,,,,,,,,,,,,,,,,,,,,,,,,
77,week3,Pillsbury Cookie Cake Tutti Frutti,Pillsbury,Cookie Cake Tutti Frutti,N/A,Veg,Pastries,9,108,"Wheat Flour,Sugar,Glucose Syrup,Sugar,Papaya Cubes,Citric Acid-INS 330,Edible Vegetable oil-Palm Oil,Sugar,Hydrogenated Vegetable fat-Palm,Milk Solids,Fructose,Emulsifier-INS 322,Glycerol-INS 422,Water,Starch,Milk Solids,Fructose,Baking Powder,Calcium Carbonate,Iodized Salt,Emulsifier-INS 471,Emulsifier-INS 475,Emulsifier-INS433,Leavening Agent-INS 500(ii),Leavening Agent-INS 341(i),Stabilizer-INS 415,Stabilizer-INS 410,Vitamin D","Food Colours-INS 110,INS 102,INS 150,INS 133,INS 124,INS 129,INS 211,Class II Preservative-INS 223","Vanilla,Mixed Fruit",Nashik,"Wheat,Milk,Soy Ingredients",138g,395 Kcal,N/A,5.4g,69.7g,38.5g,,10.5g,6g,0g,N/A,N/A,,639mg,,,,,,,,522mg,,,,,,,,,,,,,,,,,,,,,,,,
78,week3,Cremica French Fries Classic,Cremica,French Fries Classic,Mrs.Bector's,Veg,Chips,4,48,"Potatoes,Palmolein Refined Oil,Edible Common Salt,Water,Tomato Paste,Sugar,Liquid Glucose,Edible Common Salt,Acidity Regulator-INS 260,Spices & Condiments,Thickener-INS 415,Onion,Garlic",Permitted Class II Preservative-INS 211,Not Mentioned,Greater Noida,Not Mentioned,74g,574 Kcal,,6.0g,52.0g,,,38.0g,18g,0.40g,,,,0.0mg,,,,0.0g,,,,,,,,,,,,,,,,,,,,,,,,,,,,
79,week3,Bauli Moonfils,Bauli,Moonfils,Not Mentioned,Veg,Pastries,4,48,"Refined Wheat Flour,Glucose Fructose Syrup,Edible Vegetable Oil-Palm Oil,Thickener-INS 1422,Thickener-INS 440,Strawberry Powder,Acidity Regulator-INS 330,Preservative-202,Edible Common Salt,Firming Agent-INS 509,Margarine,Edible Vegetable Oil-Palm Oil,Sugar,Milk Solids,Humectant-INS 420(ii),Yeast,Gluten,Wheat Sourdough Powder,Edible Common Salt,Emulsifier-INS 471,Glucose Fructose Syrup,Preservative-282,Flour Treatment Agent-INS 1100",Permitted Natural Colour-INS 163,"Orange,Strawberry,Butter",Pune,"Milk Solids,Gluten",47g,404 Kcal,,5.9g,53.4g,22.4g,,18.5g,,,,,,,,,,,,,,,,,,,,,,,,,,,,,,,,,,,,,,
80,week3,McVitie's Orange Creams,McVitie's,Orange Creams,United Biscuit Pvt Ltd,Veg,Biscuits,9,108,"Wheat Flour,Sugar,Edible Vegetable Oil-Palm Oil,Hydrogenated Vegetable Oil,Invert Sugar Syrup,Liquid Glucose,Starch,Milk Solids,Raising Agent-INS 503(ii),Raising Agent-INS 500(ii),Calcium Carbonate,Edible Common Salt,Emulsifier-INS 322,Emulsifier-INS 471,Emulsifier-INS 472e,Orange Powder,Vitamin C,Paprika Extract","Permitted Natural Colours-INS 100(i),INS 100(i),INS 160b",Not Mentioned,Sirmour,"Wheat,Milk,Soya,Traces of Nuts",70g,470 Kcal,,6.60g,72.60g,33.50g,,17.0g,9.4g,0.02g,5.8g,1.6g,,,,,2.0g,,,,,225.0mg,,,,,,,,,,,,,,,,,,,,,,,,
81,week3,RR Mangharam Sweet Raspberry,RR Mangharam,Sweet Raspberry,Not Mentioned,Veg,Wafers,9,108,"Wheat Flour,Sugar,Edible Vegetable Oil,Salt,Raising Agent-INS 500(ii),Emulsifier-INS 322,Emulsifier-INS 471",Permitted Natural Colours-INS 110,Not Mentioned,Bengaluru,Not Mentioned,75g,568 Kcal,,5g,56g,31g,,36g,17g,0g,14g,4g,,54mg,,,2g,0mg,,,,10mg,,,,,,,,,,,,,,,,,,,,,,,,
82,week3,Marshmallow Fluffy Fruit Flavour,Marshmallow,Fluffy Fruit Flavour,Not Mentioned,Non Veg,Confectionery,18,216,"Sugar,Glucose Syrup,Water,Dextrose,Fish gelatin food grade-Halal ,Corn Starch","Artificial Colours-E127,E110,E102,E133","Strawberry,Orange,Apple,Berry","Shandong, China",Not Mentioned,160g,2284.8 kj,,,153.5g,126.4g,,,,,,,,28.8mg,,,,,,,,,,,,,,,,,,,,,,,,,,,,,,,,
83,week3,Monginis Bar Cake Fruit,Monginis,Bar Cake Fruit,Monginis Food Pvt Ltd,Veg,Pastries,4,48,"Refined Wheat Flour,Sugar,Water,Edible Vegetable Oil,Crystallized Fruit,Milk Solids,Humectant-INS 325,Humectant-INS 422,Humectant-INS 1520,Iodized Salt,Raising Agent-INS 500(ii),Raising Agent-INS 341(i),Modified Starch-INS 1442,Emulsifier-INS 435,Emulsifier-INS 471,Emulsifier-INS 491,Stabilizer-INS 412",Permitted Class II Preservative-INS 200,"Mix Fruit,Vanilla",Thane,"Milk Solid,Wheat,Manufactured under facility that also handles Milk Products & Nuts",,378.56 Kcal,,07.64g,49.02g,29.34g,,16.88g,9g,01.69g,,,,,,,,7mg,,,,,,,,,,,,,,,,,,,,,,,,,,,,
84,week3,Cadbury Nutties,Cadbury,Nutties,Mondalez International group,Veg,Confectionery,10,120,"Sugar,Milk Solids,Cashew nuts,Cocoa Butter,Cocoa Solids,Emulsifier-INS 442,Emulsifier-INS 476,Stabilizer- INS 1400,Stabilizer-INS 414,Edible Salt,Glazing agent-904,Almonds",Not Mentioned,Ethyl Vanillin,Raisen,"Milk,Cashew nuts,Almonds,Sulphates",30g,506 Kcal,,5.1g,67.2g,61.7g,,24.5g,12.9g,0.1g,,,,111mg,,,1.2g,,,,,,,,,,,,,,,,,,,,,,,,,,,,,
85,week3,Rajaram Seedai Pepper,Rajaram,Seedai Pepper,Not Mentioned,Veg,Savouries,2,24,"Rice Flour,Black Gram Flour(urad dal),Gram Flour,Black Pepper,Refined Palm Olien,Partially Hydrogenated Palm Oil,Til Oil,Sesame Seeds,Raising Agent-INS 500(ii),Cumin Seeds,Asafoetida,Salt",Not Mentioned,Not Mentioned,Chennai,"Peanut,Almond,Cashew,Soy,Milk,Coconut,Sesame",70g,554 Kcal,,8.3g,49.1g,,,36.1g,15.2g,,,,,673mg,,,,0,,2.8mg,,,,,,,,,,,,,,,,,,,,,,,,,,
86,week3,CBL Munchee Super Cream Cracker,CBL Munchee,Super Cream Cracker,Not Mentioned,Veg,Biscuits,9,108,"Wheat Flour,Edible Vegetable Oil-Palmolein Oil,Edible Vegetable Fat-Palm Kernel Oil,Malt-Barley,Edible Common Salt,Corn Flour,Leavening Agent-Yeast,Leavening Agent-INS 500(ii),Leavening Agent-INS 503(ii),Soya Lecithin,Vitamins,Ascorbyl Palmitate-E304",Not Mentioned,Not Mentioned,"Pannipitiya,Sri Lanka",Not Mentioned,120g,444.32 Kcal,,9.73g,71.20g,0.56g,,13.40g,6.03g,0.10g,,,,701.48mg,,,0.80g,,,,,,,150 mcg,0.225mg,,2.85mg,0.9mg,0.3mg,,0.45mcg,,0.75mcg,1.5mg ,60mcg,,,,,,,,,,,
87,week3,Cadbury Gems,Cadbury,Gems,Mondalez International group,Veg,Confectionery,11,132,"Sugar,Hydrogenated Vegetable Fat,Milk Solids,Cocoa Solids,Refined Wheat Flour,Emulsifier-INS 414,Emulsifier-INS 442,Emulsifier-INS 476,Liquid Glucose,Glazing agent-903","Permitted Food Colours-171,102,133,124,127,122,132,110","Caramel,Ethyl Vanillin",Solan,Not Mentioned,17.8g,463 Kcal,,2.0g,79.3g,75.1g,,15.0g,13.8g,0.1g,,,,61mg,,,2.1g,,,,,,,,,,,,,,,,,,,,,,,,,,,,,
88,week3,Doritos Nacho Cheese Flavour,Doritos,Nacho Cheese Flavour,pepsico,Veg,Namkeen Snack,6,72,"Corn,Edible Vegetable Oil-Palmolein Oil,Milk Solids,Whey Powder,Cheese Powder,Skimmed Milk Powder,Wheat Flour,Salt,Onion Powder,Spice Extract,Pepper Powder,Chilli Powder,Garlic Powder,Tomato Powder,Sugar,Citric Acid-INS 330",Not Mentioned,Butter,Howrah,Not Mentioned,39g,505kcal,,6.4g,63.8g,4.3g,,24.9g,11.6g,0.1g,,,,,,,,,,,,,,,,,,,,,,,,,,,,,,,,,,,,
89,week3,24 Mantra Bites Desi Mazaa,24 Mantra Bites,Desi Mazaa,Not Mentioned,veg,Savouries,6,72,"Rice,Corn,Whole Wheat,Jowar,Ragi,Groundnut oil-Organic,Sugar-Organic,Salt,Chili,Cumin,Coriander,Onion Powder,Garlic Powder,Acidity Regulator-INS 330,Antioxidant-Mixed Tocopherols,Asafoetida",Not Mentioned,Turmeric,Mahbub Nagar,"Wheat Gluten,Peanut,Traces of soy bean,Tree nuts",25g,470 Kcal,,7g,66.0g,7.1g,,20g,3.4g,,8.7g,6.4g,,1290mg,,,4g,,,,,,,,,,,,,,,,,,,,,,,,,,,,,
90,week3,Kettle Studio Sharp Jalapenos & Cream Cheese,Kettle Studio,Sharp Jalapenos & Cream Cheese,Not Mentioned,Veg,Chips,6,72,"Potato,Edible Vegetable Oil,Salt,Maltodextrin,Milk Solids,Sugar,Cheese,Food acid-330,EmulsifyIng and Stabilizing Agent-339(ii),Flavour Enhancer-INS 631,Flavour Enhancer-INS 627,Preservative-220,Anti Caking Agent-INS 551,Anti Caking Agent-INS 470",Not Mentioned,Not Mentioned,Mumbai,Not Mentioned,47g,528.9 Kcal,,9.3g,52.5g,0.0g,,31.3g,,,,,,,2.5g,,,,,,,,,,,,,,,,,,,,,,,,,,,,,,,
91,week3,London Cereal Bites,London,Cereal Bites,Not Mentioned,Veg,Biscuits,8,96,"Corn Grit,Sugar,Vegetable Fat,Wheat Semolina,Cocoa Powder,Whey Powder,Palm Oil,Rice Flour,Emulsifier-INS 471,Salt,Vanillin,Soya Lecithin",Synthetic Food Colouring-Allura Red-E129 ,Strawberry,Ulu Tiram,"Wheat,Milk,Traces of peanuts,Soya",80g,97 Kcal,,0.7g,14.1g,5.3g,,4.2g,2.3g,,,,,45mg,,,0.4g,0,,,,,,,,,,,,,,,,,,,,,,,,,,,,
92,week3,Heritage Milk Cake,Heritage,Milk Cake,Not Mentioned,Veg,Dairy Snack,0.5,6,"Sugar,Ghee,Skimmed Milk Powder",Not Mentioned,Not Mentioned,Chittoor,Not Mentioned,200g,545 Kcal,,6.6g,49.9g,,41.3g,35g,,,,,,78mg,,,,65mg,,,,171mg,,,,,,,,,,,,,,,,,,,,,,,,
93,week3,RiteBite Work-Out,RiteBite,Work-Out,Naturell (India) Pvt Ltd,Veg,Nutrition bar,9,108,"Soy Nuggets,Rice Crispies,Whole Grain Rolled Oats,Corn Syrup,Whey Protein Concentrate,Dietary Fiber,Fructooligosacchride-FOS,Cashew Nuts,Raisins,Almonds,Dextrose Monohydrate,Fructose,Glycerin,Cocoa Solids,Edible Gum-INS 41,Soy Protein Isolate,Emulsifier-INS 322,Emulsifier-INS 471,Flaxseeds,Salt,Citric Acid,Added Vitamins,Minerals,Antioxidants,Amino Acids",Not Mentioned,Not Mentioned,Hyderabad,Not Mentioned,50g,210 Kcal,,10g,24g,7.9g,,7.6g,3.9g,0g,,,,,,,0mg,,,,,,,,,,,,,,,,,,,,,,,,,,,,,
94,week4,Pooof! Wafflets Belgian Chocolate,Pooof!,Wafflets Belgian Chocolate,Future consumer Limited,Veg,Wafers,9,108,"Wheat Flour,Corn Starch,Edible Vegetable Oil-Palm Oil,Raising Agent-INS 500(ii),Raising Agent-INS 503(ii),Salt,Emulsifier-INS 322,Sugar,Edible Vegetable Fat-Palm Oil,Milk Solids,Maltodextrin,Dextrose,Cocoa Powder,Emulsifier-INS 471,Emulsifier-INS 322,Salt",Permitted Food Colour -E150d,Chocolate,Tumkar,"Soya,Wheat Gluten",30g,487 Kcal,,5g,65g,36g,,23g,,,,,,,,,,,,,,,,,,,,,,,,,,,,,,,,,,,,,,
95,week4,Maiyas Kabuli Channa,Maiyas,Kabuli Channa,Not Mentioned,Veg,Savouries,6,72,"Chick Peas,Edible Vegetable Oil,Red Chilli Powder,Salt,Black Salt,Coriander Powder,Cumin Powder,Nutmeg Powder,Pepper Powder,Clove Powder,Cardamom Powder",Not Mentioned,Not Mentioned,Ramanagaram,"Made in a facility that processes Peanut,Treenuts,Milk,Wheat,Sesame",150g,447 Kcal,,15.4g,60.2g,0.0g,,16.1g,8.4g,0.0g,5.3g,1.9g,,640.0mg,,,,0.0mf,,,,,,,,,,,,,,,,,,,,,,,,,,,,
96,week4,Candyman Jellicious Jelimals,Candyman,Jellicious Jelimals,ITC Ltd,Veg,Confectionery,12,144,"Sugar,Liquid Glucose,Gelling Agent-INS 440,Fruit Powders-Mango,Pineapple,Strawberry,Orange,Acidity Regulator-INS 330,Acidity Regulator-INS 331(iii)","Permitted Synthetic Food Colours-INS 110,INS 102,INS 124","Mango,Pineapple,Orange,Strawberry",Coimbatore,Not Mentioned,32.5g,323 Kcal,,0.0g,80.7g,63.7g,,0.0g,,,,,,,,,,,,,,,,,,,,,,,,,,,,,,,,,,,,,,
97,week4,Baker Street Breadsticks Sesame,Baker Street,Breadsticks Sesame,Sarjena Foods Private Limited,Veg,Savouries,6,72,"Wheat Flour,Edible Vegetable Oil & Fat -Palm,Gluten,Yeast,Red Chilli Powder,Flour Treatment Agent-INS 1100(i),Garlic Powder,Sesame Seeds,Custard Powder,Salt,Spices",Not Mentioned,Not Mentioned,Ghaziabad,"Wheat, Gluten",100g,332 Kcal,,6g,38g,1g,,17g,,,,,,,,,,,,,,,,,,,,,,,,,,,,,,,,,,,,,,
98,week4,Suriyan Masala Gold Peanuts,Suriyan,Masala Gold Peanuts,Not Mentioned,Veg,Peanut Snack,2,24,"Peanut,Chilli Powder,Edible Vegetable Oil-Palmolein Oil,Salt",Not Mentioned,Not Mentioned,Chennai,Not Mentioned,125g,599 Kcal,,4g,15g,4g,,53g,9g,,,,,920mg,,,9g,,,,,,,,,,,,,,,,,,,,,,,,,,,,,
99,week4,Lion Deseeded Dates,Lion,Deseeded Dates,Not Mentioned,Veg,Fruit Snacks,6,72,Not Given,Not Mentioned,Not Mentioned,Trichy,Not Mentioned,250g,,,,,,,,,,,,,,,,,,,,,,,,,,,,,,,,,,,,,,,,,,,,,
100,week4,Golden Breads Sweet Bread,Golden Breads,Sweet Bread,Not Mentioned,Veg,Bread,0.1,1,"Refined Flour,Water,Vegetable Shortening,Yeast,Salt,Sugar,Emulsifier,Preservative",Not Mentioned,Not Mentioned,Chennai,Not Mentioned,400g,,,,,,,,,,,,,,,,,,,,,,,,,,,,,,,,,,,,,,,,,,,,,
101,week4,Relish Peanut Chikkis-Mango,Relish,Peanut Chikkis-Mango,Not Mentioned,Veg,Peanut Snack,3,36,"Peanut,Jaggery,Sugar,Liquid Glucose",Not Mentioned,Butterscoth,Chennai,Not Mentioned,40g,476 Kcal,,13.65g,53.76g,,,22.96g,,,,,,,5.88g,,,,,,,,,,,,,,,,,,,,,,,,,,,,,,,
102,week4,Tasty Treat Digestive,Tasty Treat,Digestive,Future consumer Limited India,Veg,Biscuits,9,108,"Wheat Flour,Edible Vegetable Oil-Palm Oil,Whole Wheat Flour,Sugar,Wheat Bran,Invert Sugar Syrup,Raising Agent-INS 500(ii),Raising Agent-INS 503(ii),Raising Agent-INS 450(ii),Oatmeal,Edible Common Salt,Malt Extract,Acidity Regulator-INS 296,Dough Conditioner-INS 223",Not Mentioned,Not Mentioned,Sirmour,Not Mentioned,100g,489 Kcal,,7.3g,67.1g,16.1g,,21.2g,10.7g,0.0g,8.4g,2.2g,,,,,6.0g,0.0g,,,,,,,,,,,,,,,,,,,,,,,,,,,,
103,week4,RiteBite Sugarless,RiteBite,Sugarless,Naturell (India) Pvt Ltd,Veg,Nutrition bar,7,84,"Rice Crispies,Soy crispies,Whole Grain Rolled Oats,Maltitol Syrup,Dietary Fiber,Fructooligosacchride-FOS,Edible Vegetable Oil,Fructose,Milk Solids,Cocoa Powder,Glycerin,Cashew Nut,Edible Gum-INS 412,Soy Protein Isolate,Emulsifier-INS 322,Emulsifier-INS 471,Added Vitamins,Minerals,Antioxidants,Amino Acids",Natural and Nature identical flavours,Not Mentioned,Hyderabad,Not Mentioned,27g,366.6 Kcal,,6.81g,41.85g,,,12g,,0g,,,24.4g,,,,10g,0g,,,,296mg,,3704 IU,0.519mg,0.593mg,6.67mg,,0.74mg,,0.37mcg,74.07mg,9.26mcg,5.56 mg,,,,48.2mcg,40.7mcg,66mg,137mg,,,,,
104,week4,Cheetos Cheez Puff,Cheetos,Cheez Puff,Pepsico,Veg,Savouries,4,48,"Corn Meal,Edible Vegetable Oil- Palmolein Oil,Gram Meal,Sugar,Milk Solids,Tomato Powder,Starch,Cheese Powder,Calcium Carbonate-INS 170(i),Pepper Powder,Capsicum Powder,Clove Powder,Citric Acid(330)",Not Mentioned,Not Mentioned,Pune,Not Mentioned,30g,513 Kcal,,7.7g,57.5g,54g,,28.0g,13.0g,0.1g,,,,819mg,,,,,,,,,,,,,,,,,,,,,,,,,,,,,,,,
105,week4,RiteBite Merry Berry,RiteBite,Merry Berry,Naturell (India) Pvt Ltd,Veg,Nutrition bar,9,108,"Rice Crispies,Soy crispies,Whole Grain Rolled Oats,Corn Syrup,Cranberries,Black Raisins,Golden Raisins,Papaya Chunks,Cane Sugar,Vegetable Oil,Mixed Fruit Powder,Raspberry,Juice Concentrate,Milk Solids,Glycerine,Edible Starch,Edible Gum-INS 412,Emulsifier-INS 322,Emulsifier-INS 471,Soy Protein Isolate,Salt,Citric Acid,Minerals,Tribasic Calcium Phosphate & Vitamin A,C,E",Natural and Nature identical flavours,Not Mentioned,Hyderabad,Not Mentioned,35g,357 Kcal,,9.1g,65.71g,,,6.57g,,0g,,,,,,,,,,,,343 mg,,2857 IU,,,,,,,,85.7mg,,4286 mcg,,,,,,,,,,,,
106,week4,Patanjali Soyavita-Soya Piri Piri Chips,Patanjali,Soyavita-Soya Piri Piri Chips,Not Mentioned,Veg,Chips,9,108,"Rice Flour,Starch,Palmolien Oil,Defatted Soya Flour,Urad Dal,Chilli,Pepper,Onion,Garlic,Tomato,Corn Starch,Edible Common Salt,Sugar,Hydrolyzed Vegetable Protein-Soya,Acidity Regulator-INS 330,Anti Caking Agent-INS 551",Not Mentioned,Not Mentioned,Sonepat,"Soya,Milk,Wheat,Peanuts,Tree Nuts,Sesame,Oats",100g,487 Kcal,,3.43g,70.47g,2.79g,,20.27g,7.3g,0g,4.43g,8.52g,,997mg,,,2.04g,0mg,,3.95mg,,19mg,,,,,,,,,,,,,,,,,,,,,,,,
107,week4,Patanjali Jeera Bites,Patanjali,Jeera Bites,Not Mentioned,Veg,Biscuits,6,72,"Whole Wheat Flour,Edible Vegetable Oil,Sugar,Malt Extract,Dextrose,Low Sodium Salt,Raising Agent-INS 500(ii),Raising Agent-INS 503(ii),Yeast,Anti Oxidant-INS 319,Flour Treatment Agent-INS 223,Spices,Enzymes-INS 1101(i),Enzymes-INS 1100,",Natural Colours-INS 160c,Not Mentioned,Hooghly,Not Mentioned,65g,495 Kcal,,8.75g,65g,10g,,21.25g,10g,,8.5g,2.5g,,,,,5g,,,,,,,,,,,,,,,,,,,,,,,,,,,,,
108,week4,Red Indian Popcorn Barbeque,Red Indian,Popcorn Barbeque,Not Mentioned,Veg,Popcorn Snack,3,36,"Popped Corn,Edible Vegetable Oil-Refined Palmolein Oil,Salt,Maltodextrine,Sugar,Chilli,Cumin,Pepper,Coriander,Nutmeg,Wheat Flour,Garlic ,Dehydrated Herb,Flavour Enhancer-INS 627,Flavour Enhancer-INS 631,Anti Caking Agent-INS 551,Anti Oxidant-INS 319",Not Mentioned,Not Mentioned,Bangalore,Gluten,30g,522.90 Kcal,239.22 Kcal,8.73g,62.19g,1.91g,,26.58g,12g,Nil,4.08g,10.50g,,0.66g,,,,Nil,,,,,,,,,,,,,,,,,,,,,,,,,,,,
109,week4,Lotte Choco Pie,Lotte,Choco Pie,Not Mentioned,Veg,Biscuits,12,144,"Wheat Flour,Sugar,Edible Vegetable Oil-Partially Hydrogenated,Cocoa Solids,Milk Solids,Emulsifier-INS 322,Emulsifier-INS 476,Sugar,Liquid Glucose,Edible Vegetable Oil,Corn Starch,Sorbitol,Glycerol,Raising Agent-INS 500(ii),Raising Agent-INS 503(ii),Acidity Regulator-INS 341(i),Iodised Salt,Stabilizer-INS 407,Stabilizer-INS 415,Milk Solids",Not Mentioned,"Milk,Vanilla",Chennai,Not Mentioned,56g,440.2 Kcal,,4.8g,67.0g,33.7g,,17.0g,13.0g,0.32g,,,,,,,,,,,,,,,,,,,,,,,,,,,,,,,,,,,,
110,week4,Patanjali Tasty Peanuts,Patanjali,Tasty Peanuts,Not Mentioned,Veg,Namkeen Snack,6,72,"Peanut,Chick Peas Flour,Skinned Black gram Flour,Cottonseed Oil,Ajwain ,Turmeric,Black Pepper,Clove Powder,Red Chilli,Coriander powder,Cumin,Dried Mango Powder,Asafoetida,Edible Common Salt,Acidity regulator-INS 330",Not Mentioned,Not Mentioned,Haridwar,Peanut,,624 Kcal,,23.42g,22.06g,2.72g,,49.17g,8.09g,0.0g,,,,880mg,,,,0 mg,,5.7mg,460mg,,,,,,,,,,,,,,,,,,,,,,,,,
111,week4,Tong Garden Party Snack,Tong Garden,Party Snack,Not Mentioned,Veg,Savouries,4,48,"Peanuts,Green Peas,Wheat Flour,Broad Beans,Chick Peas,Palm Oil,Glutinous Rice Flour,Sugar,Iodised Salt,Seasoning-Contains Soybeans,Garlic ,Sesame Seeds,Chilli,Pepper ",Not Mentioned,Not Mentioned,"Lamlukka,Thailand","Peanuts,Greens Peas,Broad Beans,Chick Peas,Soy Beans,Wheat,Sesame seeds,Tree nuts,Traces and shell pieces of nuts and other tree nuts",40g,525 cal,275 cal,20g,45g,5g,,30g,11.25g,,,,,475mg,,,7.5g,,,,,,,,,,,,,,,,,,,,,,,,,,,,,
112,week4,Dainty's Strawberry Drops,Dainty's ,Strawberry Drops,Not Mentioned,Veg,Confectionery,1.5,18,"Marvo Fat,Icing Sugar,Wheat Flour,Custard Powder,Castor Sugar",Not Mentioned,Not Mentioned,Coimbatore,Not Mentioned,150 g,171 Kcal,,4g,14g,,,11g,3g,0.5g,,,,,,,,,,,,,,,,,,,,,,,,,,,,,,,,,,,,
113,week4,Golden Harvest-Fruits'n'Nuts Dry Dates,Golden Harvest-Fruits'n'Nuts,Dry Dates,Not Mentioned,Veg,Fruit Snacks,6,72,Not Given,Not Mentioned,Not Mentioned,Navi Mumbai,Not Mentioned,100g,,,,,,,,,,,,,,,,,,,,,,,,,,,,,,,,,,,,,,,,,,,,,
114,week4,Orkid Foods Milk Rusk,Orkid Foods,Milk Rusk,Not Mentioned,Veg,Rusk,1.5,18,"Wheat Flour,Sugar,Edible Vegetable Oil,Yeast,Salt,Milk Solids,Emulsifier-INS 471,Emulsifier-INS 481",Not Mentioned,Not Mentioned,Kochi,Not Mentioned,,466 Kcal,66 Kcal,12g,61g,26g,,7.2g,0.19g,0g,3g,1.2g,,2.8mg,,,2.5g,0mg,,3.996mg,,62mg,,0IU,0.7mg,0.4mg,6.06mg,,0.03mg,,0 ug,0.2mg,,,,208 ug,0.9mg,,,22.4mg,147mg,,,,,
115,week4,Patanjali Twisty Tasty,Patanjali,Twisty Tasty,Not Mentioned,Veg,Biscuits,Not Mentioned,0,"Whole Wheat Flour,Edible Vegetable Oil,Sugar,Invert Sugar Syrup,Raising Agent-INS 503(ii),Raising Agent-INS 500(ii),Milk Solids,Liquid Glucose,Salt,Dough Conditioner-INS 223,Soya Lecithin-INS 322,Acidity Regulator-INS 270,Honey,Improver-INS 1101",Not Mentioned,Not Mentioned,Hooghly,"Gluten,Milk,Soya",80g,60 Kcal,,1.3g,9.1g,2g,,2g,1g,0g,0.65g,0.13g,,,,,0.85mg,0mg,,,,,,,,,,,,,,,,,,,,,,,,,,,,
116,week4,Patanjali Roasted Diet-Rice Crispy Mixture,Patanjali,Roasted Diet-Rice Crispy Mixture,Not Mentioned,Veg,Namkeen Snack,6,72,"Rice Flakes,Peanut,Bengal Gram,Palmolein Oil,Sugar,Edible Common Salt,Dry green Mango Powder,Chilli,Cinnamon,Jeera,Black Pepper,Turmeric,Coriander,Fennel,Curry Leaves,Black Salt,Maize Starch,Acidity Regulator-INS 330,Acidity Regulator-INS 260,Anti Caking Agent-INS 551,Anti Oxidant-INS 307b",Not Mentioned,Not Mentioned,Jaipur,"Peanuts,Made in facility that processes products that contains Milk,Wheat,Soya,Tree Nuts,Sesame,Oats",,402 Kcal,,18.81g,59.85g,2.08g,,9.78g,2.13g,0g,5.53g,2.10g,,1900mg,,,1.40g,0mg,,2.72mg,,10mg,,,,,,,,,,,,,,,,,,,,,,,,
117,week4,Patanjali Marie Biscuit,Patanjali,Marie Biscuit,Not Mentioned,Veg,Biscuits,6,72,"Whole Wheat Flour,Vegetable Oils,Sugar,Honey,Milk & Milk Products,Salt,Raising Agent-INS 500(ii),Raising Agent-INS 503(ii),Anti Oxidant-INS 319,Flour Treatment Agent-INS 223",Not Mentioned,Not Mentioned,Nagpur,Not Mentioned,100g,410 Kcal,,7.6g,74g,13g,,13g,6g,Nil,3.25g,,,,,,6.4g,Nil,,,,,,,,,,,,,,,,,,,,,,,,,,,,
118,week4,Patanjali ChocoFlakes,Patanjali,ChocoFlakes,Not Mentioned,Veg,Breakfast Cereal,9,108,"Wheat Flour,Sugar,Cocoa Powder-Defatted,Iodised Salt,Malt Extract,Edible Vegetable Oil,Anti Oxidant-INS 320",Permitted Natural Colour-INS 150d,Chocolate,Sonepat ,Gluten derived from wheat,,402 Kcal,,18.81g,59.85g,2.08g,,9.78g,2.13g,0g,5.53g,2.10g,,1900mg,,,1.40g,0mg,,2.72mg,,10mg,,,,,,,,,,,,,,,,,,,,,,,,
119,week4,Patanjali Butter Cookies,Patanjali,Butter Cookies,Not Mentioned,Veg,Biscuits,6,72,"Whole Wheat Flour,Sugar,Edible Vegetable Oil-Palm Oil,Butter,Invert Sugar Syrup,Milk Solids,Raising Agent-INS 503(ii),Raising Agent-INS 500(ii),Edible Common Salt,Emulsifier-INS 322,Emulsifier-INS 472e,Dough Conditioner-INS 341,Dough Conditioner-INS 223,Improver-INS 1100",Not Mentioned,"Butter,Vanilla",Ranga Reddy,Not Mentioned,91.6g,491 Kcal,,6g,65g,22g,,23g,11g,0g,9g,3g,,,,,6g,5.4mg,,,,,,,,,,,,,,,,,,,,,,,,,,,,
120,week4,Patanjali Creamfeast,Patanjali,Creamfeast,Not Mentioned,Veg,Biscuits,6,72,"Whole Wheat Flour,Sugar,Edible Vegetable Oil-Palm Oil,Milk Solids,Starch-COM,Invert Sugar Syrup,Dextrose,Raising Agent-INS 503(ii),Raising Agent-INS 500(ii),Edible Common Salt,Malt Extract,Soya Lecithin-INS 322,Dough Conditioner-INS 341,Dough Conditioner-INS 223",Not Mentioned,"Vanilla,Milk",Ranga Reddy,"Gluten,Milk",84g,521 Kcal,,,69g,34g,,25g,12g,0g,10g,3g,,,,,3.6g,0mg,,,,,,,,,,,,,,,,,,,,,,,,,,,,
121,week5,Brown Tree Dots Cookies,Brown Tree,Dots Cookies,Not Mentioned,Veg,Cookies,2,24,"Refined Wheat Flour,Sugar,Edible Salt,Milk,Milk Solids,Wheat Fibre",Not Mentioned,Not Mentioned,Not Mentioned,Not Mentioned,75g,,,,,,,,,,,,,,,,,,,,,,,,,,,,,,,,,,,,,,,,,,,,,
122,week5,Durga Agencies Wheel Chips,Durga Agencies,Wheel Chips,Not Mentioned,Veg,Chips,2,24,"Sago,Refined Sunflower",Not Mentioned,Not Mentioned,Karur,Not Mentioned,80g,420.22 Kcal,,9.45g,7.82g,,,15.73g,10.50g,0.0g,2.0g,3.25g,,,,,,,,,,,,,,,,,,,,,,,,,,,,,,,3.07g,3g,,0.01g
123,week5,Baker Street Choco Caramel Fantasy,Baker Street,Choco Caramel Fantasy,Sarjena Foods Private Limited,Veg,Confectionery,4,48,"Wheat Flour,Sugar,Milk Solids,Corn Starch,Refined Palmoline Oil,Emulsifier-INS 422,Emulsifier-INS 471,Emulsifier-INS 475,Emulsifier-INS 466,Raising Agent-INS 500(ii),Raising Agent-INS 541,Dextrose ,Salt,Preservative-422,Stabilizer-INS 415,Glucose,Syrup,Water,Modified Starch-INS 1442,Thickener-INS 460,Thickener-INS 466,Glycerine,Preservative-202,Salt,Acidity Regulator-INS 330",Not Mentioned,Not Mentioned,Thane,"Wheat;This product is made in the facility where Milk,Tree nuts,Soya,Peanuts,Wheat,Sesame Seeds",37g,396.5 Kcal,,7.9g,50.5g,,,18.1g,,,,,,,,,,,,,,120.4mg,,,,,,,,,,,,,,,,,,,,,,,,
124,week5,Bakemine Malabar Ghajoor,Bakemine,Malabar Ghajoor,Not Mentioned,Veg,Pastries,1.3,16,"Rice Powder,Maida,Sugar,Salt,Veg.Oil",Not Mentioned,Not Mentioned,Thrissur,Not Mentioned,,,,,,,,,,,,,,,,,,,,,,,,,,,,,,,,,,,,,,,,,,,,,,
125,week5,Tuthukudi Macaroons,Tuthukudi,Macaroons,Not Mentioned,Non Veg,Biscuits,3,36,"Sugar,Cashewnuts,Albumin",Not Mentioned,Not Mentioned,Tuticorn,"Gluten,Nuts,Egg White,Allergenic Substances",100g,461 Kcal,,9.42%,75.64%,66.73%,,11.01%,,,,,,,,,,,,,,,,,,,,,,,,,,,,,,,,,,,,,,
126,week5,Naturo Pure Apple Fruit Bar,Naturo,Pure Apple Fruit Bar,Not Mentioned,VEG,Confectionery,12,144,"Apple Pulp,Sugar,Invert Sugar Syrup,Pectin-E440(A),Citric Acid-E330,Potassium Metabisulphide-E224",Not Mentioned,Not Mentioned,Bengaluru,Not Mentioned,12.5g,350 Kcal,,0.28g,87g,,,0g,0g,,,,,129mg,,,4.72g,0mg,,,,,,,,,,,,,,,,,,,,,,,,,,,,
127,week5,Colonel & Co Hot Cheese Nachos,Colonel & Co,Hot Cheese Nachos,Not Mentioned,Veg,Chips,6,72,"Corn,Vegetable Oil,Quinoa Seeds,Salt,Maltodextrine,Spice & Condiments,Flavourings,Milk Solids,Edible Vegetable Fat,Dried Glucose Syrup,Milk Solids,Stabilizer-INS 339(ii),Stabilizer-INS 340(ii),Stabilizer-INS 407,Dextrose,Emulsifier-INS 471,Anti Caking Agent-INS 551,Acidity Regulator-INS 331(iii),Salt,Acidity Regulator-INS 330,Acidity Regulator-INS 270,Yeast Extract,Stabilizer-Hydrogenated Vegetable Protein,Dehydrated Vegetable-Tomato Powder,Flavour Enhancer-INS 365,Anti Caking Agent-INS 551",Not Mentioned,"Cheese,Yeast,Butter,Italian Herbs Blend,Cheese,Garlic,Masala",Nizamabad,"Dairy,Soya,Gluten",60g,458.5 Kcal,,7.8g,68.4g,1.9g,,17.8g,6.8g,0g,,,,,,,6.3g,0mg,,,189.99mg,125.75mg,,,,,,,,,,,,,,,,,,,189.62mg,,,,,
128,week5,TOO YUMM! Chilli Chataka Veggie Stix,TOO YUMM!,Chilli Chataka Veggie Stix,Guiltfree Industries Limited,Veg,Savouries,6,72,"Rice Flour,Jowar Flour,Corn Meal,Edible Vegetable Oil-Sunflower,Salt,Sugar,Spices&Condiments,Mango Powder,Acidity Regulator-INS 330,Garlic,Onion,Mustard,Anti Caking Agent-INS 551,Dehydrated Herb-Henugreek,Asafoetida,Flavour Enhancer-INS 627,Flavour Enhancer-INS 631,Anti Oxidant-INS 300,Potato Powder,Tomato Powder,Tapioca,Starch,Salt,Anti Oxidant-INS 319",Permitted Natural Color- Beetroot,"Chilli,Mango",Namakkal,Wheat,60g,452 Kcal,,7g,64g,2g,,19g,2g,0g,4g,12g,,869mg,,,3g,0mg,,,,,,,,,,,,,,,,,,,,,,,,,,,,
129,week5,Opera-Potato Crisps Salt and Black Pepper,Opera-Potato Crisps,Salt and Black Pepper,Mr.Bector's Cremica,Veg,Chips,9,108,"Potatoes,Olive Oil,Palmolein Refined Oil,Salt,Dextrose,Maltodextrine,Black Pepper Powder,Black Pepper Coarse,Spices & Condiments,Flavour Enhancer-INS 627,Flavour Enhancer-INS 631,Anti Caking Agent-INS 551,Acidity Regulator-INS 330",Not Mentioned,Not Mentioned,Greater Noida,Not Mentioned,60g,562 Kcal,,5.8g,58.5g,0.22g,,34g,13g,0.6g,,,,,,,,,,,,,,,,,,,,,,,,,,,,,,,,,,,,
130,week5,Hup Seng Cap Ping Pong Sugar Crackers,Hup Seng,Cap Ping Pong Sugar Crackers,Not Mentioned,Veg,Biscuits,15,180,Not Given,Not Mentioned,Not Mentioned,Batu Pahat,Not Mentioned,125g,445 Kcal,100 Kcal,7.6g,76g,16g,,12.4g,12g,6g,,,,560mg,,,<4g,,,,,,,,,,,,,,,,,,,,,,,,,,,,,
131,week5,Splendid Bar Oats & Prunes,Splendid Bar,Oats & Prunes,Not Mentioned,Veg,Nutrition bar,2,24,"Oats,Prunes,Molasses,Sesame Seeds",Not Mentioned,Not Mentioned,-,Not Mentioned,45g,222.03 Cal,,4.30g,25.47g,,,11.43g,,0,,,,,,,,,,,,,,,,,,,,,,,,,,,,,,,,,,,,
132,week5,Tommy Fruity,Tommy ,Fruity,Not Mentioned,Veg,Pastries,Not Mentioned,N/A,"Glucose Syrup,Sugar,Thickener-INS 1401,Thickener-INS 414,Acidity Regulator-INS 330","Artificial Colours-INS 102,INS 110,INS 124,INS 127,INS 133","Grape,Lemon,Orange,Strawberry,Pineapple","Samut Prakan,Thailand",Not Mentioned,,,,,,,,,,,,,,,,,,,,,,,,,,,,,,,,,,,,,,,,,,,,,,
133,week5,Brown Tree Ragi Sev,Brown Tree,D/S Ragi Sev,Not Mentioned,Veg,Namkeen Snack,2,24,"Ragi Flour,Edible Oil,Iodised Salt",Not Mentioned,Not Mentioned,Not Mentioned,Not Mentioned,75g,,,,,,,,,,,,,,,,,,,,,,,,,,,,,,,,,,,,,,,,,,,,,
134,week5,Savory Peanut Butter with Bread Sticks,Savory,Peanut Butter with Bread Sticks,Not Mentioned,Veg,Savouries,9,108,"Roasted Peanuts,Sugar,Cocoa Solid,Cocoa Butter,Stabilizing Agent-INS 471,Salt,Wheat Flour,Sugar,Salt,Bakers Yeast,Anti Oxidant-INS 319,Anti Oxidant-INS 330",Not Mentioned,Not Mentioned,Modasa,"Peanuts,Gluten",,582.5 Kcal,,22.5g,27.5g,15g,,42.5g,7.5g,,,,,112.5mg,,,2.5g,,,,2.5mg,,2mg,,,27.5mg,,,,,,,,,,,,,,7.5mg,,,,,,
135,week5,Brown Tree D/S Corn Chips,Brown Tree,D/S Corn Chips,Not Mentioned,Veg,Chips,2,24,"Corn Flax,Udal Dal,Starch,Rice Flour,Salt,Spices,Vegetable Oil",Not Mentioned,Not Mentioned,Not Mentioned,Not Mentioned,75g,,,,,,,,,,,,,,,,,,,,,,,,,,,,,,,,,,,,,,,,,,,,,
136,week5,Brown Tree Sweet Orange,Brown Tree,Sweet Orange,Not Mentioned,Veg,Confectionery,6,72,"Sugar,Liquid Glucose,Citric Acid",Permitted Synthetic Food Colours,Not Mentioned,Not Mentioned,Not Mentioned,75g,,,,,,,,,,,,,,,,,,,,,,,,,,,,,,,,,,,,,,,,,,,,,
137,week5,Lolas Funzi Balls Punch Puthina,Lolas,Funzi Balls Punch Puthina,Not Mentioned,Veg,Namkeen Snack,3,36,"Wheat Flour,Corn & Rice Grits,Finger Milet,Peal Millet,Soy,Chana Dal,Und Dal,Edible Starch,Vegetable Oil,Spices & Salt,Sugar",Not Mentioned,Tomato Powder,Chennai ,Not Mentioned,70 g,488.2 Kcal,,4.0g,69.0g,4.8g,,21.8g,,,,,,,,,,,,,,,,,,,,,,,,,,,,,,,,,,,,,,
138,week5,The Grannary Whole Grain Chips,The Grannary,Whole Grain Chips,Not Mentioned,Veg,Chips,9,108,"Corn Flour,Whole Wheat Flour,Rice Flour,Whole Oat Flour,Rice Bran Oil,Salt,Sunflower Seeds,Milk Solids,Onion Powder,Garlic Powder,Anti Caking Agent-INS 551,Spices,Acidity Regulator-INS 331,Acidity Regulator-INS 330,Acidity Regulator-INS 300",Not Mentioned,Spice,Kolhapur,Not Mentioned,40g,490 Kcal,,6g,67.1g,8.8g,,22.0g,,,,,,,8.3g,,,,3.2g,,,,,,,,,,,,,,,,,,,,,,,,,,,
139,week5,Peppy Tomato Discs,Peppy ,Tomato Discs,SM Foods,Veg,Namkeen Snack,4,48,"Wheat Flour,Edible Starch,Edible Vegetable Oil,Flour of Soya & Corn,Sugar,Tomato Powder,Onion Powder,Chilli Powder,Maltodextrin,Black Pepper,Acidity Regulator-INS 296,Acidity Regulator-INS 330,Salt,Baking Powder,Ground Spices and Condiments",Not Mentioned,Tomato,Puducherry,"Milk Allergy,Gluten",75g,505.2 Kcal,,8g,59.2g,6.2g,,26.3g,12g,0g,11.2g,2.6g,,,,,,0mg,,,,,,,,,,,,,,,,,,,,,,,,,,,,
140,week5,Maiyas Sweet Shankarpali,Maiyas,Sweet Shankarpali,Not Mentioned,veg,Savouries,6,72,"Refined Wheat Flour,Sugar,Palmolein Oil,Salt",Not Mentioned,Not Mentioned,Ramanagara ,"Gluten;Made in facility that processes Peanuts,Treenuts,Milk,Wheat,Sesame",120g,445 Kcal,,5.8g,59.2g,26.3g,,20.6g,10.8g,,,,,340.0mg,,,,,,,,,,,,,,,,,,,,,,,,,,,,,,,,
141,week5,Bambino Moong Dal-Lentilles Jaunes,Bambino,Moong Dal-Lentilles Jaunes,Not Mentioned,Veg,Namkeen Snack,7,84,"Split Green Gram,Refined Palmolein Oil,Salt,Black Salt,Malic Acid-INS 296",Not Mentioned,Not Mentioned,Hyderabad,"Traces of Nuts,Wheat Ingredients,Milk Solids",100g,480 Kcal,,20g,49g,0g,,22g,11g,0g,9g,3g,,511 mg,,,2g,,,3mg,949mg,62mg,,,,,,,,,,,,,,,,,,,,,,,,
142,week5,Dukes Nibbles-Sour Cream & Onion,Dukes ,Nibbles-Sour Cream & Onion,Not Mentioned,Veg,Biscuits,9,108,"Refined Wheat Flour,Refined Palm Oil,Sugar,Acidity Regulator-INS 270,Acidity Regulator-INS 330,Edible Common Salt,Raising Agent-INS 503(ii),Sugar Solution,Liquid Glucose,Raising Agent-INS 500(ii),Yeast ,Acidity Regulator-INS 270,Emulsifier-INS 322,Emulsifier-INS 471,Dough Conditioner-223,Improver-1101(ii)",Not Mentioned,Cheese Butter,Rangareddi,Not Mentioned,150g,453 Kcal,,8.5g,67.0g,9.3g,,16.7g,7.7g,0g,,,,,,,,,,,,,,,,,,,,,,,,,,,,,,,,,,,,
143,week5,Laban Stretchy Man,Laban,Stretchy Man,Not Mentioned,Veg,Confectionery,12,144,"Glucose Syrup,Sugar,Stabilizer-INS 407,Stabilizer-INS 418,Acidity Regulator-INS 330,Acidity Regulator-INS 331(iii)","Permitted Synthetic Food Colours-INS 110,INS 102,INS 133,INS 124","Orange,Mango,Green Mango,Strawberry",Bengaluru,Not Mentioned,26g,368 Kcal,,0.1g,92g,37g,,0g,0g,0g,,,,355mg,,,,,,,,,,,,,,,,,,,,,,,,,,,,,,,,
144,week5,Chupa Chups Sour Bites,Chupa Chups,Sour Bites,Not Mentioned,Veg,Confectionery,18,216,"Liquid Glucose,Sugar,Wheat Flour Refined-Maida,Invert Sugar,Hydrogenated Vegetable Oil,Acidity Regulator-INS 296,Acidity Regulator-INS 330","Permitted Synthetic Food Colours-INS 102,INS 133,INS 110,INS 122",Mixed Fruit,Kancheepuram,Not Mentioned,61.6g,359 Kcal,,2.6g,81.5g,23.1g,,2.6g,2.2g,0.02g,,,,,,,,,,,,,,,,,,,,,,,,,,,,,,,,,,,,
145,week5,Akshaya Chilly Sev,Akshaya ,Chilly Sev,Not Mentioned,Veg,Savouries,1,12,"Gram Dhall Flour,Rice Flour,Salt,Chilly Powder,Refined Oil",Not Mentioned,Not Mentioned,Chennai,Not Mentioned,100g,554 Kcal,,8.3g,49.1g,,,36.1g,15.2g,,,,,673mg,,,1g,0g,,2.8mg,,52mg,,,,,,,,,,,,,,,,,,,,,,,,
146,week5,Desi Foods Dal Moth,Desi Foods,Dal Moth,Not Mentioned,Veg,Savouries,6,72,"Masoor Dhal,Chick Pea Flour,Edible Vegetable Oil,Salt,Spices & Condiments",Not Mentioned,Not Mentioned,Ranga Reddy,Not Mentioned,150g,608 Kcal,,12.0g,87.8g,,,45.4g,21.7g,0g,18.8g,4.8g,,,,,,0g,,,,,,,,,,,,,,,,,,,,,,,,,,,,
147,week5,Falcon UAE Dates Seeded,Falcon,UAE Dates Seeded,Not Mentioned,Veg,Fruit Snacks,12,144,Not Mentioned,Not Mentioned,Not Mentioned,Navi mumbai,Not Mentioned,200g,335 Kcal,,8.56g,71.84g,53.12g,,1.47g,Nil,Nil,,,,49.5mg,,,13.80g,Nil,,1.03mg,,206.0mg,,Nil,,,,,,,,,,,,,,,,,,,,,,
148,week5,Alsafaa Milk Rusk ,Alsafaa,Milk Rusk ,Not Mentioned,Veg,Rusk,4,48,"Wheat Flour,Sugar,Iodised Salt,Edible Fats,Yeast,Milk Solids",Not Mentioned,Added Flavour,Chennai,Not Mentioned,160g,,,6.52%,,,,7.08%,,,,,,,1.32%,,,,,34.2mg,0.20%,524mg,,,,,,,,,,,,,,,,,,,,,,,,
149,week5,Spencer's Smart Choice Dal Masala,Spencer's Smart Choice,Dal Masala,Not Mentioned,Veg,Savouries,4,48,"Pea Pulse,Palmolien Oil,Edible Common Salt,Spices & Condiments",Not Mentioned,Not Mentioned,Faridabad,Not Mentioned,200g,492 Kcal,,20g,58g,0g,,20g,4g,0g,,,,,,,,0g,,,,,,,,,,,,,,,,,,,,,,,,,,,,
150,week5,Spencer's Smart Choice Nut Cracker,Spencer's Smart Choice,Nut Cracker,Not Mentioned,Veg,Savouries,6,72,"Peanut,Edible Vegetable Oil,Husked Gram Flour,Edible Common Salt,Bishop Powder,Turmeric Powder,Lemon Powder,Mango Powder,Black Salt Powder,Clove Powder,Coriander Powder,Mace Powder,Black Pepper Powder",Not Mentioned,Not Mentioned,Faridabad,Not Mentioned,200g,597.2 Kcal,,23.8g,27.4g,1g,,43.6g,10.2g,0.2g,,,,996.4mg,,,2.84g,,,,,,,,,,,,,,,,,,,,,,,,,,,,,
151,week5,RiteBite Max Protein,RiteBite,Max Protein,Naturell (India) Pvt Ltd,Veg,Namkeen Snack,6,72,"Corn Flour,Wheat Protein,Rice Flour,Soy Flour,Rice Protein,Wheat Flour,Oat Fiber,Wheat Fiber,Gram Flour,Oats,Ragi Flour,Rice Bran Oil,Maltodextrin,Sugar,Salt,Dehydrated Mint Powder,Onion Powder,Garlic Powder,Black Pepper Powder,Citric Acid,Malic Acid,Spice Extracts,Condiments",Not Mentioned,Not Mentioned,Hyderabad,Not Mentioned,45g,420 Kcal,,22.22g,55.77g,4.22g,,11.33g,2.22g,0g,4.93g,4.22g,,1.11g,,,,,,,,,,,,,,,,,,,,,,,,,,,,,,,,
152,week5,The Green Snack Co 6 Grain Stick-Tangy Pickle ,The Green Snack Co,6 Grain Stick-Tangy Pickle ,Not Mentioned,Veg,Savouries,Not Mentioned,0,"Maize,Oats,Ragi ,Sorghum,Soya,Rice,Sugar,Salt,Chilli,Aniseeds,Mustard,Fenugrek,Mango Powder,Acidity Regulator-INS 330,Acidity Regulator-INS 296,Maltodextrin,Hydrolysed Vegetable Protein,Anti Caking Agent-INS 551,Edible Vegetable Oil,Dehydrated Potato",Not Mentioned,Not Mentioned,Palghar(W),mustard,25g,393.3 Kcal,,10.7g,68.5g,5.6g,,8.5g,3.6g,Nil,,,,,,,11.8g,Nil,,,,,,,,,,,,,,,,,,,,,,,,,,,,
153,week6,MJA Butter Biscuits,MJA ,Butter Biscuits,Not Mentioned,Veg,Biscuits,2,24,"Wheat Flour,Vegetable Oil,Sugar,Milk,Vitamin,Salt",Not Mentioned,Vanilla,Chennai,Not Mentioned,200g,,,,,,,,,,,,,,,,,,,,,,,,,,,,,,,,,,,,,,,,,,,,,
154,week6,Naveen Food Idicha Nilakadalai Urundai,Naveen Food,Idicha Nilakadalai Urundai,Not Mentioned,Veg,Peanut Snack,3,36,Pounded Groundnut Jaggery,Not Mentioned,Not Mentioned,Karur,Not Mentioned,,,,,,,,,,,,,,,,,,,,,,,,,,,,,,,,,,,,,,,,,,,,,,
155,week6,Hangrow Thins-Chat Masala,Hangrow ,Thins-Chat Masala,Not Mentioned,Veg,Khakra,6,72,"Corn,Coriander Seeds,Cumin Seeds,Thymol Seeds,Mango Powder,Edible Vegetable Oil,Sea Salt",Not Mentioned,Not Mentioned,Erode,Not Mentioned,,23 Cal,,0.6g,4.26g,0.02g,,0.2g,0.03g,Nil,,,,,,,0.43g,,,,,,,,,,,,,,,,,,,,,,,,,,,,,
156,week6,Timios Tomato & Cheese Rings,Timios,Tomato & Cheese Rings,Not Mentioned,Veg,Savouries,6,72,"Whole Wheat,Corn,Rice,Moong Dal,Ragi,Rice Bran Oil,Salt,Cheese Powder,Tomato Powder,Sugar,Red Chilli,Cinnamon,Yeast Extract Powder,Natural Mixed Tocopherol",Not Mentioned,Not Mentioned,Hyderabad,Not Mentioned,30g,444 Kcal,,11g,58.2g,3.4g,,14.7g,1.9g,0g,5.4g,5.3g,,387mg,,,5.5g,,,3mg,6.9g,33.7mg,,,,,,,,,,,,,,,,,,,,,,,,
157,week6,Lee Corn Flavoured Cream Crackers,Lee,Corn Flavoured Cream Crackers,Not Mentioned,Veg,Biscuits,12,144,"Wheat Flour,Sugar,Vegetable Fat-Palm Base,Vegetable Oil-Palmolein Oil,Whey Powder-Contains Lactose,Glucose Syrup,Corn Starch,Leavening Agent-INS 503(ii),Leavening Agent-INS 500(ii),Sodium Acid Pyrophosphate,Cheese Powder,Salt,Emulsifier-Oleo Cream,Emulsifier-INS 322,Enzyme,Yeast","Food Colouring-E102,FD&C Yellow No 5","Corn,Cheese",Pontian,"Wheat,Milk,Soy,Peanut",100g,508 Kcal,,7g,66g,,,24g,14g,0g,,,,400mg,,,,,,,,,,,,,,,,,,,,,,,,,,,,,,,,
158,week6,Gery Coconut Cracker,Gery ,Coconut Cracker,Garuda Food,Veg,Biscuits,12,144,"Wheat Flour,Sugar,Vegetable Fat-Hydrogenated Oils,Vegetable Oil-Refined Palmolein,Corn Starch,Malt Extract,Modified Starch,Yeast,Salt,Leavening Agent-INS 503(ii),Leavening Agent-INS 500(ii),Stabilizer-INS 450(i),Added Mineral-Calcium Carbonate,Sugar Sprinkles-Sugar,Sugar,Vegetable Fat-Hydrogenated Oils,Desiccated Coconut,Non Dairy Creamer-Gluose Syrup,Refined Vegetable Oil,Milk Protein,Stabilizer-INS 340(iii),Stabilizer-INS 452(i),Emulsifier-INS 472e,Anti Caking Agent-INS 551,Whey Powder,Skim Milk Powder,Coconut Cream Powder,Dextrose Monohydrate Vegetable Emulsifier Soya Lecithin-INS 322,Cocunut Flavour,Vanilla Flavour",Not Mentioned,"Coconut,Vanilla","Gresik, Indonesia",Not Mentioned,110g,490 Kcal,,7g,67g,20g,,21g,,,,,,310mg,,,,,,,,,,,,,,,,,,,,,,,,,,,,,,,,
159,week6,Gullon Diet-Fibra Chocolate,Gullon,Diet-Fibra Chocolate,Not Mentioned,Veg,Biscuits,12,144,"Wheat Flour,Sugar,Vegetable Fibre,Dark Chocolate,Sugar,Cocoa Mass,Cocoa Butter,Emulsifier-INS 322,High Oleic Sunflower,Cocoa Powder,Wheat Bran,Carab Fiber,Oat Fibre,Com Fibre,Raising Agent-INS 500(ii),Raising Agent-INS 503(ii),Salt,Emulsifier-INS 472e,Chocolate Flavour",Not Mentioned,Not Mentioned,Spain,Traces of Milk,75g,471 Kcal,,6.6g,62g,23g,,13g,3.5g,,8.0g,1.5g,,,13g,,,,0.85g,,,,,,,,,,,,,,,,,,,,,,,,,,,
160,week6,Maretti Bruschette Chips,Maretti,Bruschette Chips,Not Mentioned,Veg,Chips,8,96,"Wheat flour,Palm olein,Anti Oxidant-Rosemary extract,Corn meal extrudate,Corn starch,Salt,Dextrose,Maltodextrin,Spinach powder,Onion powder,Garlic powder,Flavour Enhancer-INS 621,Flavour Enhancer-INS 627,Flavour Enhancer-INS 631,Dried parsley,Cheese powder,Flavourings,Salt,Skimmed milk powder,Sugar,Dried gluten,Yeast,Stabilizer: Guar Gum,Dextrose",Not Mentioned,Not Mentioned,Bulgaria,Not Mentioned,70g,467kcal,,9.0g,66g,5.5g,,"18g
",7.3g,,,,,,2.7g,,,,3.0g,,,,,,,,,,,,,,,,,,,,,,,,,,,
161,week6,A2B Madras Mixture,A2B ,Madras Mixture,Not Mentioned,Veg,Savouries,6,72,"Rice Flour,Gram Flour,Groundnut,Aval,Green gram flour,Butter,Salt,Turmeric Powder,Curry Leaves,Edible Vegetable Oil",Not Mentioned,Not Mentioned,Chennai,"Groundnut, May Contain other Treenuts",20g,595.5 Kcal,,11.1g,40.2g,0g,,44.5g,9.6g,,18.8g,16.1g,,457.9mg,,,4.1g,0mg,,2.7mg,,60.9mg,,,,,,,,,,,,,,,,,,,0.1mg,,,,,
162,week6,A2B Pepper Sev,A2B ,Pepper Sev,Not Mentioned,Veg,Savouries,6,72,"Rice Flour,Gram Dal,Pepper,Cumin,Asafoetida,Salt,Edible Vegetable Oil",Not Mentioned,Not Mentioned,Chennai,Not Mentioned,20g,598 Kcal,,9.5g,44g,0g,,42.6g,18.1g,,5.8g,18.7g,,460mg,,,8.4g,0mg,,2.64g,,360mg,,,,,,,,,,,,,,,,,,,140mg,,,,,
163,week6,Spar Potato Wafers,Spar,Potato Wafers,Not Mentioned,Veg,Chips,2,24,"Potato,Refined Palm Oil,Iodised Salt,Anti Oxidant-INS 319",Not Mentioned,Not Mentioned,Mangalore,Not Mentioned,80g,557.79 Kcal,,6.97g,49.63g,0.28g,,38.20g,10.70g,0g,,,,332.0mg,,,4.18g,0g,,,,,,,,,,,,,,,,,,,,,,,,,,,,
164,week6,Pringles Potato Crisps,Pringles,Potato Crisps,Kellog's,Veg,Chips,12,144,"Dried Potato,Edible Vegetable Oil-Palm Oil,Corn Flour,Wheat Starch,Emulsifier-INS 471,Maltodextrin,Salt,Acidity Regulator-INS 330",Not Mentioned,Not Mentioned,Johor,Not Mentioned,110g,523 Kcal,,5.0g,62.8g,0.4g,,27.9g,14.0g,0.3g,,,,469mg,,,,,,,,,,,,,,,,,,,,,,,,,,,,,,,,
165,week6,New Star Snacks,New Star Snacks,,Not Mentioned,Veg,Savouries,1.5,18,Not Given,Not Mentioned,Not Mentioned,Chennai,Not Mentioned,200g,,,,,,,,,,,,,,,,,,,,,,,,,,,,,,,,,,,,,,,,,,,,,
166,week6,Nagalapuram Kitu Sevu,Nagalapuram,Kitu Sevu,Cottage Industry,Veg,Savouries,1,12,"Rice Flour,Gram Flour,Oil,Chilly,Asafoetida,Omam,Jeera",Not Mentioned,Not Mentioned,Theni,Not Mentioned,250g,524 Kcal,,12g,57g,,,27g,,,,,,,,,9g,,,,,,,,,,,,,,,,,,,,,,,,,,,,,
167,week6,Yummy Granny Wafers,Yummy ,Granny Wafers,Not Mentioned,Veg,Wafers,9,108,"Wheat Flour,Sugar,Refined Palm Oil,Hydrogenated Vegetable Fat,Dried Corn Syrup,Dextrose Maize Starch,Jowar-Sorghum,Ragi,Barley,Pearl Millet,Fried Gram,Milk Solids,Emulsifier-INS 322,Raising Agent-INS 500,Common Salt,Improver-Enzyme",Not Mentioned,Vanilla,Hyderabad,Not Mentioned,30g,481 Kcal,,4.19g,69.58g,,,20.68g,10.34g,,6.2g,4.14g,,,,,,,,,,,,,,,,,,,,,,,,,,,,,,,,,,
168,week6,Rajas Puffed Rice Sweets,Rajas,Puffed Rice Sweets,Not Mentioned,Veg,Pastries,3,36,"Puffed Rice,Jaggery,Glucose",Not Mentioned,Not Mentioned,Chennai ,Not Mentioned,,370.44 Kcal,,0.40g,87.92g,,,1.91g,,,,,,,1.53g,,,,,3.4mg,,37mg,,,,,,,,,,,,,,,,,,58.33mg,80 mg,,,,,
169,week6,Yummo Mr.Popcorn-Chaat Masala,Yummo,Mr.Popcorn-Chaat Masala,Not Mentioned,Veg,Popcorn Snack,6,72,"Corn,Edible Vegetable Oil,Iodised Salt,Ginger,Amchoor,Chilli Powder,Black Salt,Garam Masala,Cumin Powder,Black Pepper,Turmeric Powder,Sugar,Citric Acid,Starch,Added Spices and Added Natural Colors",Not Mentioned,Not Mentioned,Mandya ,Not Mentioned,40g,115kcal,,2g,16.5g,,,4.5g,,0.5g,,,,,0.35g,,,,,,,,,,,,,,,,,,,,,,,,,,,,,,,
170,week6,Suriyan Peanut Chikky Burfy,Suriyan ,Peanut Chikky Burfy,Cottage Industry,Veg,Peanut Snack,3,36,"Peanut,Jaggery,Liquid Glucose",Not Mentioned,Not Mentioned,Coimbatore,Not Mentioned,150g,,,,,,,,,,,,,,,,,,,,,,,,,,,,,,,,,,,,,,,,,,,,,
171,week6,Hajara's Salt Peas,Hajara's,Salt Peas,Not Mentioned,Veg,Savouries,1.5,18,"Bengal Gram Flour,Rice Flour,Refined Oil,Salt,Chilli Powder,Spices",Not Mentioned,Not Mentioned,Chennai ,Not Mentioned,200g,423.9 Kcal,,20.4g,15.68g,,,31.5g,,,,,,,,,,,,,,,,,,,,,,,,,,,,,,,,,,,,,,
172,week6,Easy Foods Ooty Special Variki,Easy Foods,Ooty Special Variki,Not Mentioned,Veg,Rusk,6,72,"Wheat Flour,Sugar,Vanaspathi ,Milk Powder,Ghee,Cardamom,Cold Pressed Oil",Not Mentioned,Not Mentioned,Ooty,Not Mentioned,250g,581.83 Kcal,,7.56g,49.46g,,,35.59g,10.80g,0.1g,8.0g,5.0g,,,,,1.0g,80.0mg,,,,,,,,,,,,,,,,,,,,,,,,,2.39g,4.78g,,
173,week6,Nutro Orange Flavoured Cream Wafers,Nutro,Orange Flavoured Cream Wafers,Not Mentioned,Veg,Wafers,6,72,"Hydrogenated Palm Kernel Oil,Coconut Oil,Sugar,Wheat Flour,Skim Milk Powder-From Cow's & Buffalo's Milk,Dextrose,Emulsifier-INS 322,Salt,Raising Agent-INS 500(ii),Acidity Regulator-INS 330",Artificial Colour-E110-FD& C Yellow No6,"Orange,Vanillin",Dubai,Not Mentioned,75g,2360 Kj,,3.9g,52.2g,32.5g,,36g,33g,,,,,50mg,,,,,,,,,,,,,,,,,,,,,,,,,,,,,,,,
174,week6,Popicorn Tangy Jalapeno,Popicorn,Tangy Jalapeno,Not Mentioned,Veg,Popcorn Snack,6,72,"Popped Corn,Edible Vegetable Oil,Iodized Salt,Sugar,Dehydrated Vegetable Powder-Onion,Dehydrated Vegetable Powder-Garlic,Corn Starch,Mixed Spices,Pepper,Jalapeno,Chilli,Ginger,Milk Solids,Soya Sauce Powder,Acidity Regulator-INS 330,Acidity Regulator-INS 296",Not Mentioned,Not Mentioned,Hyderabad,Not Mentioned,80g,493.49 Kcal,,8.93g,58.44g,0g,,24.89g,10.25g,0g,10.77g,4.79g,,0.9g,,,11.15g,0mg,,,,,,,,,,,,,,,,,,,,,,,,,,,,
175,week7,Bigbasket GoodDiet Sprouted Mixture Plain,Bigbasket GoodDiet,Sprouted Mixture Plain,Not Mentioned,Veg,Namkeen Snack,6,72,"Green Gram-Moong,Dew Gram-Moth,Red Lentil-Masoor,Sorghum-Jowar,Bengal Gram-Chana,Edible Common Salt,Palmolein Oil,Anti Oxidant-INS 306",Not Mentioned,Not Mentioned,Jaipur,"Processed in a facility that also handles Soya,Peanut,Wheat,Milk Products",125g,379 Kcal,,25g,57g,0g,,5.5g,2g,0g,2g,1.5g,,,,,21.5g,0g,,,,,,,,,,,,,,,,,,,,,,,,,,,,
176,week7,Jumbo Dark Choco Crispers,Jumbo,Dark Choco Crispers,Not Mentioned,Veg,Confectionery,12,144,"Sugar,Cocoa Solids,Cocoa Butter,Emulsifier-INS 322,Emulsifier-INS 476,Rice Flour,Sugar,Cocoa Solids,Edible Salt,Glazing Agent-414-Gum Arabic",Not Mentioned,Not Mentioned,Chennai,"Milk,Soya,Rice,Sulphites;Manufactured on Equipment that also Processes Products containing Almond,Other tree nuts",25g,572.2g,,5.83g,44.45g,44.36g,,42.23g,22.34g,,,,,9.31mg,,,,,,,,,,,,,,,,,,,,,,,,,,,,,,,,
177,week7,Smart Bite Sweet Heart Biscuits,Smart Bite,Sweet Heart Biscuits,Aruna Food Products,Veg,Biscuits,5,60,"Wheat Flour,Edible Vegetable Oil,Sugar,Leavening Agent-INS 503(ii),Leavening Agent-INS 341(ii),Invert Syrup,Salt,Yeast,Liquid Glucose ,Emulsifier-INS 322 ,Emulsifier-INS 471,Emulsifier-INS 481(i),Dough Conditioner-INS 223",Not Mentioned,Butter,Chennai,Not Mentioned,250g,504 Kcal,,6.0g,66.5g,7.2g,,21.0g,,,,,,,,,,,,,,,,,,,,,,,,,,,,,,,,,,,,,,
178,week7,Spar Aloo Bhujia,Spar,Aloo Bhujia,Not Mentioned,Veg,Namkeen Snack,6,72,"Potatoes,Edible Vegetable Oil,Gram Pulse Flour,Tepary Beans Flour,Edible Starch-Sago,Edible Common Salt Powder,Coriander Powder,Cumin Powder,Mango Powder,Ginger Powder,Red Chilli Powder,Mace Powder,Nutmeg Powder,Mint Leaves Powder,Acidity Regulator-INS 330",Not Mentioned,Not Mentioned,Bijnor,"This product is made in a facility that processes food containing Peanuts,Tree Nuts,Soya,Milk,Wheat,Sesame",150g,630 Kcal,,5g,40g,0g,,50g,8.8g,0g,20.5g,20g,,670mg,,,2g,0mg,,,,,,,,,,,,,,,,,,,,,,,,,,,,
179,week7,BrookSide Dark Pomegranate Flavoured Centre Chocolate,BrookSide Dark,Pomegranate Flavoured Centre Chocolate,Hershey Canada Inc,Veg,Confectionery,12,144,"Sugar,Liquid glucose,Fruit pulp,Papaya,Pomegrante,Stabilizer-INS 440,Stabilizer-INS 414,Stabilizer-INS 331(iii),Acidity Regulator-INS 296,Sugar,Cocoa Solids,Cocoa Butter,Milk Solids,Anti Oxidant-INS 322(i),Edible Common Salt,Stabilizer-1400,Glazing Agent-904","Permitted Synthetic Food Colours-124,122,102,133",Green Apple,Surendranagar,Not Mentioned,33.3g,448 Kcal,,1.6g,82.3g,58.9g,,12.5g,,,,,,,,,,,,,,,,,,,,,,,,,,,,,,,,,,,,,,
180,week7,Yellow Diamond Namkeen All in One,Yellow Diamond ,Namkeen All in One,Not Mentioned,Veg,Namkeen Snack,5,60,"Bengal Gram,Edible Vegetable Oil,Rice Flakes,Peanut,Potato,Lentils,Cucumber Seeds,Corn Flakes,Raisins,Cashew Nuts,Spinach,Iodised Salt,Red Chilli Powder,Dry Mango Powder,Black Pepper Powder,Citric Acid-E330",Not Mentioned,Not Mentioned,Indore,Not Mentioned,130g,573.43 Kcal,,15.17g,39.29g,7.62g,,39.51g,12.28g,0g,17.41g,9.82g,,790.58mg,,,,0g,,,,,,,,,,,,,,,,,,,,,,,,,,,,
181,week7,Bigbasket Fresho Signature Cinnamon Sticks,Bigbasket Fresho Signature,Cinnamon Sticks,Not Mentioned,Veg,Savouries,3,36,"Refined Wheat Flour,Water,Industrial Margerine,Edible Common Salt,Sugar,Cinnamon Powder,Castor Sugar",Not Mentioned,Not Mentioned,Bangalore,Gluten,100g,563.0g,,15.67g,39.87g,3.72g,,37.86g,0.96g,0g,,,,,,,,,,,,,,,,,,,,,,,,,,,,,,,,,,,,
182,week7,Sadhuragiri Snacks Murukku,Sadhuragiri Snacks,Murukku,Not Mentioned,veg,Savouries,1.7,20,"Rice Flour,Refined Edible Oil,Gram Flour,Asafoetida,Chilly Powder",Not Mentioned,Not Mentioned,Theni,Not Mentioned,140g,520.14 Kcal,,4.66g,71.12g,,,21.40g,14.20g,0.18g,3.04g,4.16g,,,,,,0g,,,,,,,,,,,,,,,,,,,,,,,,,2.12g,0.70g,,0g
183,week7,Paperboat Chikki,Paperboat,Chikki,Fairtrade,Veg,Peanut Snack,6,72,"Peanuts,Jaggery,Sugar,Liquid Glucose",Not Mentioned,Not Mentioned,Rajkot,"Peanuts;Manufactured on equipment that also processes products containing Tree Nuts,Sesame",35g,497.6 Kcal,,13.9g,56.5g,34.0g,,24.0g,5.41g,<0.1g,,,,,,,,<1g,,,,,,,,,,,,,,,,,,,,,,,,,,,,
184,week7,Gulabs Ajwain Khakhra,Gulabs,Ajwain Khakhra,Not Mentioned,Veg,Khakhra,6,72,"Wheat Flour,Carom Seeds,Cooking Oil,Water,Salt,Clarified Butter-Ghee",Not Mentioned,Not Mentioned,Chennai,"Milk,Milk Products,Nuts,Wheat Flour,Tree Nuts,Blackgram,Soybean",,489.8 Kcal,,11.5g,62.8g,3.7g,,21.4g,,,,,,,,,,,,,,,,,,,,,,,,,,,,,,,,,,,,,,
185,week7,BigBasket Tasties,BigBasket,Tasties,Not Mentioned,Veg,Namkeen Snack,6,72,"Dew Bean Flour-Moth Flour,Edible Vegetable Oil-CottonSeed Oil,Edible Vegetable Oil-Peanut Oil,Chick Peas Flour,Edible Common Salt,Chilli Powder,Clove Powder,Black Pepper Powder,Spices & Condiments",Not Mentioned,Not Mentioned,Bikaner,"Processed in a facility that also handles Nuts,Soya,Gluten,Dairy Products",150g,596 Kcal,,12g,40g,0g,,43g,13g,0g,10g,20g,,,,,,0mg,,,,,,,,,,,,,,,,,,,,,,,,,,,,
186,week7,Cadbury Bourn Vita ,Cadbury,Bourn Vita ,Mondalez International group,veg,Biscuits,8,96,"Refined Wheat Flour,Sugar,Palmolein Oil,Malt Based Food,Malt Extract,Sugar,Cocoa Solids,Caramel-150c,Liquid Glucose,Protein Isolate,Maltodextrin,Milk Solids,Vitamins,Emulsifier-INS 322,Emulsifier-INS 471,Leavening Agent-INS 500(ii),Minerals,Edible Salt,Invert Sugar,Cocoa Solids,Milk Solids,Edible Salt,Leavening Agent-INS 500(ii),Leavening Agent-INS 503(ii),Edible Salt,Caramel-150c,Vitamins and Minerals",Permitted Natural Colour-150c,Ethyl Vanillin,Ramanagar,Not Mentioned,120g,457 Kcal,,7.3g,73.6g,30.0g,,15.3g,6.8g,0.1g,,,,361mg,,,1.0g,,,2.4mg,,90 mg,,,,0.15mg,,,,18 mcg,0.15mcg,,,,,,,,,,,,,,,
187,week7,Roasty Tasty Soya Chatpata,Roasty Tasty,Soya Chatpata,Not Mentioned,Veg,Namkeen Snack,6,72,"Soyabean,Black Pepper,Rock Salt,Dried Mango Powder,Edible Common Salt,Tartaric Acid-E334,Spices,Edible Vegetable Oil-Palmolein Oil,Edible Vegetable Oil-Corn Oil",Not Mentioned,Not Mentioned,Jaipur,"Soyabean,Traces of Peanut",150g,461  Kcal,,43g,25g,3g,,21g,4g,0g,10g,7g,,857mg,11g,,,0mg,,,,,,,,,,,,,,,,,,,,,,,,,,,,
188,week7,RCL Madras Butter Biscuit,RCL,Madras Butter Biscuit,RCL Foods Limited,Veg,Biscuits,4,48,"Refined Wheat Flour,Sugar,Hydrogenated Veg Oil,Iodised Salt,Milk Solids,Amul Butter,Custard Powder,Baking Powder,Raising Agent-INS 503(ii)",Not Mentioned,"Milk,Vanilla Butter",Chennai,"Milk Solid,Wheat,Manufactured Under the facility that also handles Nuts",250g,,,1g,58.52g,5.67g,,31.26g,,,,,,,0.15g,,,,,,,0.02g,,,,,,,,,,,,,,,,,,,,,,,,
189,week8,Hot Breads French Meringue,Hot Breads,French Meringue,Not Mentioned,Non Veg,Biscuits,1,12,"Refined Wheat Flour,Sugar,Cashew Nut,Vanilla Powder,Foodcolour,Eggwhite",Not Mentioned,Not Mentioned,Chennai,Not Mentioned,,,,,,,,,,,,,,,,,,,,,,,,,,,,,,,,,,,,,,,,,,,,,,
190,week8,Hot Breads Eggless Brownie,Hot Breads,Eggless Brownie,Not Mentioned,veg,Dessert Snack,0.3,4,"Refined Wheat Flour,Sugar,Baking Powder,Vanilla Powder,Butter Chocolate",Not Mentioned,Not Mentioned,Chennai,Not Mentioned,90g,,,,,,,,,,,,,,,,,,,,,,,,,,,,,,,,,,,,,,,,,,,,,
191,week8,Hot Breads Plain Muffin,Hot Breads,Plain Muffin,Not Mentioned,Non Veg,Pastries,0.2,2,"Refined Wheat Flour,Sugar,Egg,Refined Oil,Baking Powder,Vanilla Essance",Not Mentioned,Not Mentioned,Chennai,Not Mentioned,90g,,,,,,,,,,,,,,,,,,,,,,,,,,,,,,,,,,,,,,,,,,,,,
192,week8,Hot Breads Mustard Curry Leaf,Hot Breads,Mustard Curry Leaf,Not Mentioned,veg,Bread,0.1,1,"Refined Wheat Flour,Gluten,Yeast,Salt,Vegetable Fat,Bread,Improver,Sugar,Mustard Seed,Curry Leaf",Not Mentioned,Not Mentioned,Chennai,Not Mentioned,150g,,,,,,,,,,,,,,,,,,,,,,,,,,,,,,,,,,,,,,,,,,,,,
193,week8,Arunishik Exports Kumily Nendharan Chips,Arunishik Exports,Kumily Nendharan Chips,Not Mentioned,Veg,Chips,2,24,"Bananas,Vegetable Oil,Salt,Chilly,Tomato Powder,Ginger,Jaggery",Not Mentioned,Not Mentioned,Kumiy,Not Mentioned,200g,519 Cal,,2.3g,58.4g,,,33.6g,,,,,,,1.0g,,,,0.15g,,,,,,,,,,,,,,,,,,,,,,,,,,,
194,week8,Linga Sweets Elaichi Honey Balls,Linga Sweets,Elaichi Honey Balls,Not Mentioned,Veg,Dessert Snack,0.5,6,"Maida,Curd,Sugar,Cardamom,Ghee,Sunflower Oil",Not Mentioned,Not Mentioned,Theni,Not Mentioned,150g,,,,,,,,,,,,,,,,,,,,,,,,,,,,,,,,,,,,,,,,,,,,,
195,week8,McRennett Chocolate Brownie,McRennett,Chocolate Brownie,Not Mentioned,Veg,Dessert Snack,0.7,8,"Sugar,Water,Refined Wheat Flour,Edible Vegetable Oil,Dark Chocolate,Walnut,Milk Powder,CornSyrup,Soya Flour,Raising Agent-INS 500(i),Acidity Regulator-INS 296,Acidity Regulator-INS 330,Preservative-200,Hydrogenated Vegetable Fat",Permitted Food Colour-150a,"Vanilla,Milk",Chennai,"Gluten,Soy Allergens,Nuts",40g,453.68 Kcal,,7.45g,48.99g,22.71g,,22.82g,,,,,,,0.78g,,,,,,,,,,,,,,,,,,,,,,,,,,,,,,,
196,week8,Unibic Cashew Cookies Sugar Free,Unibic,Cashew Cookies Sugar Free,Not Mentioned,Veg,Cookies,6,72,"Wheat Flour,Sweetner-E965-Matilol,Sweetner-E955-Sucralose,Butter,Edible Vegetable Oil-Palm Oil,Cashew Bits,Leavening Agent-E503(ii),Leavening Agent-E503(ii),Emulsifier-INS 322,Salt",Not Mentioned,Vanillin,Bangalore,"Gluten,Soya,Nuts",75g,514 Kcal,,8.1g,62g,0g,,26g,14.9g,0g,8.5g,1.5g,,,,,,25mg,,,,,,,,,,,,,,,,,,,,,,,,,,,20g,
197,week8,Haniyah Butter Cookies,Haniyah,Butter Cookies,Not Mentioned,Veg,Cookies,2,24,"Wheat Flour,Sugar,Edible Vegetable Oil,Iodized Salt,Edible Corn Starch,Milk",Not Mentioned,Not Mentioned,Chennai,Not Mentioned,,,,,,,,,,,,,,,,,,,,,,,,,,,,,,,,,,,,,,,,,,,,,,
198,week8,Deepak Snacks Masala Peanut,Deepak Snacks,Masala Peanut,Not Mentioned,veg,Peanut Snack,2,24,"Peanut,Gram Dhall Flor,Refined Sunflower Oil,Salt",Not Mentioned,Not Mentioned,Chennai,Not Mentioned,100g,586 Kcal,,20g,18g,,,41g,,,,,,63.13mg,37.5g,,,,,,,,,,,,,,,,,,,,,,,,,,,,,,,
199,week8,Sky Snacks Kaara Garl,Sky Snacks,Kaara Garl,Not Mentioned,Veg,Savouries,2,24,"Dhall,Peanut ,Dhall Flour,Rice Flower,Edible Oil,Chilli Powder,Pepper,Garlic,Maida,Starch,Sugar,Salt",Not Mentioned,Not Mentioned,Madurai,Not Mentioned,,,,,,,,,,,,,,,,,,,,,,,,,,,,,,,,,,,,,,,,,,,,,,
200,week8,Sri Jai Maruthi Kara Jilabi Murukku,Sri Jai Maruthi ,Kara Jilabi Murukku,Not Mentioned,Veg,Savouries,2,24,"Rice Flour,Gram Dhal,Salt,Chilly",Not Mentioned,Not Mentioned,Vellore,Not Mentioned,150g,,,,,,,,,,,,,,,,,,,,,,,,,,,,,,,,,,,,,,,,,,,,,
201,week8,Altras Cashew Macaroons,Altras Cashew,Macaroons,Not Mentioned,Non Veg,Biscuits,3,36,"Sugar,Cashewnuts,Albumin",Not Mentioned,Not Mentioned,Tuticorn,"Gluten,Nuts,Egg White",100g,461 Kcal,,9.42%,75.64%,66.73%,,11.01%,,,,,,,,,,,,,,,,,,,,,,,,,,,,,,,,,,,,,,
202,week8,Feasters Fruit & Nut Cookies,Feasters,Fruit & Nut Cookies,Aditya Birla Retail Ltd,Veg,Biscuits,6,72,"Wheat Flour,Sugar,Refined Palm Oil,Dry Fruits,Black Currant,Papaya Cubes,Papaya,Sugar,Acidity Regulator-INS 330,Cranberry,Cashew,Almond Bits,Butter,Liquid Glucose,Dates Syrup,Milk Solids,Leavening Agent-INS 503(ii),Leavening Agent-INS 500(ii),Emulsifier-INS 322,Iodised Salt",Permitted Synthetic Food Colour-INS 102,Not Mentioned,Bangalore,"Wheat,Milk Solids,Soy,Nuts",75g,479 Kcal,,6.4g,66g,25g,,21g,12.6g,0.5g,,,,,,,,,,,,,,,,,,,,,,,,,,,,,,,,,,,,
203,week8,Feasters Masala Boondi,Feasters,Masala Boondi,Aditya Birla Retail Ltd,Veg,Savouries,6,72,"Bengal Gram Flour,Refined Palmolein,Groundnuts,Iodised Salt,Spices & Condiments,Curry Leaf",Permitted Synthetic Food Colour-INS 102,Not Mentioned,Hyderabad,Not Mentioned,150g,613 Kcal,,12.7g,36.8g,0g,,36.0g,17.0g,0.2g,,,,,,,,,,,,,,,,,,,,,,,,,,,,,,,,,,,,
204,week8,Nature's Promise Barnyard Millet Cookies,Nature's Promise,Barnyard Millet Cookies,Not Mentioned,Veg,Biscuits,6,72,"Barnyard Millet Flour,Wheat Flour,Vegetable Oil,Salt,Sugar",Not Mentioned,Not Mentioned,Coimbatore,Not Mentioned,70g,365.85 Kcal,,4.32g,44.95g,20.62g,,18.75g,10.03g,,,,,12.95mg,0.12g,,,0.07g,,1.28mg,,13.73mg,,0.07mg,,,,,,,,0.35mg,,,,,,,,,,,,,,
205,week8,Mexitos Nacho Chips Smoky Jalapeno flavour,Mexitos Nacho Chips,Smoky Jalapeno flavour,Not Mentioned,Veg,Chips,6,72,"Corn,Edible Vegetable Oil-Palmolein Oil,Sugar,Maltodextrin,Iodised Salt,Spices & Condiments,Hydrolyzed Vegetable Protein,Citric Acid,Bell Pepper Powder,Anti Caking Agent-INS 551,Flavour Enhancer-INS 635",Not Mentioned,Not Mentioned,Gandhinagar,Not Mentioned,70g,498.5 Kcal,,5.2g,70.6g,2.5g,,21.7g,9.4g,0.1g,,,,,,,,,,,,,,,,,,,,,,,,,,,,,,,,,,,,
206,week8,A2B Sirai Pakoda,A2B,Sirai Pakoda,Adyar Ananda Bhavan,Veg,Savouries,6,72,"Rice Flour,Gram Dhal Flour,Red Chilli,Asafoetida,Salt,Refined Vegetable Oil",Not Mentioned,Not Mentioned,Chennai,Not Mentioned,200g,547 Kcal,,8.1g,40.5g,0g,,39.2g,16.9g,0.1g,14.8g,,,380mg,,,6.8g,0mg,,1.5mg,,140mg,,,,,,,,,,,,,,,,,,,142 mg,,,,,
207,week8,McRennett Pineapple Biscuits,McRennett,Pineapple Biscuits,McRennett,Veg,Cookies,1.5,18,"Refined Wheat Flour,Sugar,Edible Vegetable Oil-Palm Oil,Water,Corn Flour,Corn Syrup,Milk Solids,Maltodextrin,Salt,Emulsifier-INS 471,Emulsifier-INS 322,Raising Agent-INS 500(ii),Raising Agent-INS 503(ii)",Permitted Synthetic Colour-102,Pineapple,Chennai,Not Mentioned,200g,502.4 Kcal,,5.9g,66.4g,26.7g,,23.7g,11.4g,0g,,,,,0.1g,,,,,,,,,,,,,,,,,,,,,,,,,,,,,,,
